# GymConfig(dt=1.0, num_drones=4, num_users=20, drones_speed=2.0, drones_height=10.0, boundary_size=1000.0, num_obstacles=0)
# DQNConfig(memory_size=200000, min_memory=50000, update_freq=10000, batch_size=32, gamma=0.99, epsilon=1.0, epsilon_min=0.1, epsilon_decay=1e-05, decay_type='linear', n_step=3, per_alpha=0.6, per_beta=0.4, per_beta_annealing=1e-06, autosave_freq=10000)
episode,sim_time,sim_steps,area_coverage,user_coverage,mean_reward,memory_size,epsilon,loss,train_time,train_steps,train_speed
1,1000.0,1000,0.67,0.65,0.0,4004,1.0,nan,0.0,0,0.0
2,1000.0,1000,0.536,0.7,0.0,8008,1.0,nan,0.0,0,0.0
3,1000.0,1000,0.527,0.5,0.0,12012,1.0,nan,0.0,0,0.0
4,1000.0,1000,0.554,0.45,0.0,16016,1.0,nan,0.0,0,0.0
5,1000.0,1000,0.566,0.8,0.0,20020,1.0,nan,0.0,0,0.0
6,1000.0,1000,0.43,0.5,0.0,24024,1.0,nan,0.0,0,0.0
7,1000.0,1000,0.623,0.7,0.0,28028,1.0,nan,0.0,0,0.0
8,1000.0,1000,0.453,0.4,0.0,32032,1.0,nan,0.0,0,0.0
9,1000.0,1000,0.67,0.8,0.0,36036,1.0,nan,0.0,0,0.0
10,1000.0,1000,0.743,0.8,0.0,40040,1.0,nan,0.0,0,0.0
11,1000.0,1000,0.459,0.4,0.0,44044,1.0,nan,0.0,0,0.0
12,1000.0,1000,0.585,0.75,0.0,48048,1.0,nan,0.0,0,0.0
13,1000.0,1000,0.53,0.7,0.0,52052,0.9948900000000233,0.14593278,18.815980911254883,511,27.157764958430153
14,1000.0,1000,0.766,0.9,0.0,56056,0.9848900000000688,0.117081255,57.77077913284302,1511,26.155090929583967
15,1000.0,1000,0.386,0.25,0.0,60060,0.9748900000001143,0.10259353,97.26888108253479,2511,25.815039172191376
16,1000.0,1000,0.657,0.7,0.0,64064,0.9648900000001598,0.08266465,135.3156774044037,3511,25.946734693190752
17,1000.0,1000,0.678,0.65,0.0,68068,0.9548900000002053,0.06761665,174.91460299491882,4511,25.78972773264415
18,1000.0,1000,0.512,0.6,0.0,72072,0.9448900000002508,0.058405455,213.79866552352905,5511,25.776587370498106
19,1000.0,1000,0.678,0.6,0.0,76076,0.9348900000002963,0.051321927,252.70161819458008,6511,25.76556504896445
20,1000.0,1000,0.683,0.6,0.0,80080,0.9248900000003418,0.047013987,290.87542486190796,7511,25.822050767103843
21,1000.0,1000,0.696,0.35,0.0,84084,0.9148900000003873,0.042538997,329.66134095191956,8511,25.817403894291065
22,1000.0,1000,0.691,0.55,0.0,88088,0.9048900000004328,0.04655533,368.77796363830566,9511,25.790586529951785
23,1000.0,1000,0.671,0.6,0.0,92092,0.8948900000004784,0.043783303,408.2244679927826,10511,25.74808913195323
24,1000.0,1000,0.473,0.2,0.0,96096,0.8848900000005239,0.040449377,446.2168095111847,11511,25.79687662183445
25,1000.0,1000,0.374,0.45,0.0,100100,0.8748900000005694,0.03902634,485.4339237213135,12511,25.77281763046519
26,1000.0,1000,0.626,0.65,0.0,104104,0.8648900000006149,0.037999023,524.6992292404175,13511,25.7499901441468
27,1000.0,1000,0.741,0.7,0.0,108108,0.8548900000006604,0.035994086,563.8832387924194,14511,25.73405092279301
28,1000.0,1000,0.749,0.6,0.0,112112,0.8448900000007059,0.035632044,602.3238437175751,15511,25.751927544236107
29,1000.0,1000,0.796,0.8,0.0,116116,0.8348900000007514,0.0347054,641.4146196842194,16511,25.741539841817385
30,1000.0,1000,0.735,0.75,0.0,120120,0.8248900000007969,0.03347495,680.4920513629913,17511,25.73285013452485
31,1000.0,1000,0.764,0.7,0.0,124124,0.8148900000008424,0.032774054,719.7961828708649,18511,25.717002157342847
32,1000.0,1000,0.66,0.8,0.0,128128,0.804890000000888,0.031511262,758.0824253559113,19511,25.737306835160172
33,1000.0,1000,0.609,0.6,0.0,132132,0.7948900000009335,0.031169344,797.2399883270264,20511,25.72751026280016
34,1000.0,1000,0.672,0.75,0.0,136136,0.784890000000979,0.030230785,836.5688555240631,21511,25.713364591206883
35,1000.0,1000,0.675,0.85,0.0,140140,0.7748900000010245,0.030075526,875.6740233898163,22511,25.707054657703203
36,1000.0,1000,0.63,0.65,0.0,144144,0.76489000000107,0.029195828,914.9447689056396,23511,25.69663304348055
37,1000.0,1000,0.71,0.7,0.0,148148,0.7548900000011155,0.02832719,953.3780291080475,24511,25.709633779312924
38,1000.0,1000,0.602,0.55,0.0,152152,0.744890000001161,0.02750179,992.1809105873108,25511,25.712044758559557
39,1000.0,1000,0.625,0.75,0.0,156156,0.7348900000012065,0.026720038,1031.033586025238,26511,25.713032385241934
40,1000.0,1000,0.532,0.55,0.0,160160,0.724890000001252,0.02617486,1070.590739250183,27511,25.697027798890517
41,1000.0,1000,0.717,0.65,0.0,164164,0.7148900000012975,0.025494548,1109.0713617801666,28511,25.707092405532812
42,1000.0,1000,0.651,0.55,0.0,168168,0.704890000001343,0.025104059,1148.0201938152313,29511,25.705993802833827
43,1000.0,1000,0.278,0.2,0.0,172172,0.6948900000013886,0.024982424,1187.7754259109497,30511,25.687515772900593
44,1000.0,1000,0.568,0.4,0.0,176176,0.6848900000014341,0.024422582,1227.295151233673,31511,25.675160494165514
45,1000.0,1000,0.751,0.6,0.0,180180,0.6748900000014796,0.02396609,1265.769849538803,32511,25.684764097990076
46,1000.0,1000,0.412,0.5,0.0,184184,0.6648900000015251,0.023501646,1304.9246089458466,33511,25.68041077001608
47,1000.0,1000,0.719,0.7,0.0,188188,0.6548900000015706,0.023140216,1342.5744321346283,34511,25.705092511514216
48,1000.0,1000,0.531,0.6,0.0,192192,0.6448900000016161,0.022673495,1380.1962213516235,35511,25.728950294246644
49,1000.0,1000,0.691,0.65,0.0,196196,0.6348900000016616,0.022247622,1417.9816172122955,36511,25.74857074195545
50,1000.0,1000,0.452,0.35,0.0,200000,0.6248900000017071,0.02188289,1454.6349515914917,37511,25.787225819450704
51,1000.0,1000,0.475,0.45,0.0,200000,0.6148900000017526,0.021600908,1492.0542786121368,38511,25.810723202050156
52,1000.0,1000,0.174,0.15,0.0,200000,0.6048900000017982,0.021967366,1529.7130851745605,39511,25.8290266132979
53,1000.0,1000,0.305,0.15,0.0,200000,0.5948900000018437,0.022370365,1568.508121728897,40511,25.827727269292616
54,1000.0,1000,0.684,0.7,0.0,200000,0.5848900000018892,0.023021605,1606.0082664489746,41511,25.84731401609442
55,1000.0,1000,0.309,0.3,0.0,200000,0.5748900000019347,0.022801919,1642.8743658065796,42511,25.875989590226713
56,1000.0,1000,0.328,0.3,0.0,200000,0.5648900000019802,0.022588238,1680.6594803333282,43511,25.889241989118123
57,1000.0,1000,0.145,0.1,0.0,200000,0.5548900000020257,0.022659538,1718.5847520828247,44511,25.89979920030436
58,1000.0,1000,0.339,0.4,0.0,200000,0.5448900000020712,0.023329379,1756.3266780376434,45511,25.912605301021607
59,1000.0,1000,0.248,0.3,0.0,200000,0.5348900000021167,0.023280175,1794.1446857452393,46511,25.923773230115913
60,1000.0,1000,0.245,0.05,0.0,200000,0.5248900000021622,0.0230638,1831.1525490283966,47511,25.945954096861666
61,1000.0,1000,0.311,0.5,0.0,200000,0.5148900000022077,0.023728251,1869.3534858226776,48511,25.950683136897236
62,1000.0,1000,0.342,0.2,0.0,200000,0.5048900000022533,0.023577908,1907.3703472614288,49511,25.957727642515508
63,1000.0,1000,0.323,0.3,0.0,200000,0.4948900000022704,0.023682307,1945.6459906101227,50511,25.961043382415422
64,1000.0,1000,0.393,0.4,0.0,200000,0.4848900000022604,0.023646433,1983.7039060592651,51511,25.96708098939388
65,1000.0,1000,0.308,0.25,0.0,200000,0.4748900000022504,0.023708722,2020.8389811515808,52511,25.9847521109726
66,1000.0,1000,0.381,0.25,0.0,200000,0.4648900000022404,0.023582092,2058.3791930675507,53511,25.996667750929667
67,1000.0,1000,0.743,0.65,0.0,200000,0.4548900000022304,0.023527117,2095.890560388565,54511,26.008514476677284
68,1000.0,1000,0.69,0.6,0.0,200000,0.4448900000022204,0.02336872,2133.294976234436,55511,26.021249100475
69,1000.0,1000,0.372,0.3,0.0,200000,0.4348900000022104,0.023193114,2171.283271074295,56511,26.026544179757888
70,1000.0,1000,0.609,0.65,0.0,200000,0.4248900000022004,0.023026308,2207.9242775440216,57511,26.047541832069324
71,1000.0,1000,0.413,0.6,0.0,200000,0.4148900000021904,0.023002576,2246.1496856212616,58511,26.0494660539042
72,1000.0,1000,0.593,0.65,0.0,200000,0.4048900000021804,0.02284279,2284.652731895447,59511,26.048160036211005
73,1000.0,1000,0.654,0.8,0.0,200000,0.3948900000021704,0.022689775,2322.58047914505,60511,26.053349076471832
74,1000.0,1000,0.397,0.6,0.0,200000,0.3848900000021604,0.022549484,2360.1255235671997,61511,26.06259682942706
75,1000.0,1000,0.314,0.35,0.0,200000,0.3748900000021504,0.022320798,2396.8849506378174,62511,26.080100325512795
76,1000.0,1000,0.764,0.75,0.0,200000,0.3648900000021404,0.022248589,2434.5073714256287,63511,26.087824058601704
77,1000.0,1000,0.601,0.55,0.0,200000,0.3548900000021304,0.022504864,2472.7574779987335,64511,26.08868866500016
78,1000.0,1000,0.534,0.55,0.0,200000,0.3448900000021204,0.022268912,2510.706842660904,65511,26.09265202460158
79,1000.0,1000,0.552,0.45,0.0,200000,0.3348900000021104,0.022024568,2548.4722032546997,66511,26.098381572540962
80,1000.0,1000,0.776,0.95,0.0,200000,0.3248900000021004,0.02183213,2585.307061433792,67511,26.113339103278967
81,1000.0,1000,0.447,0.3,0.0,200000,0.3148900000020904,0.021609701,2622.8712928295135,68511,26.12061070957411
82,1000.0,1000,0.258,0.35,0.0,200000,0.3048900000020804,0.021473791,2660.706113576889,69511,26.125019833211237
83,1000.0,1000,0.277,0.35,0.0,200000,0.2948900000020704,0.021250738,2698.8314685821533,70511,26.12649244992881
84,1000.0,1000,0.276,0.4,0.0,200000,0.2848900000020604,0.021080932,2736.502513885498,71511,26.132261753259602
85,1000.0,1000,0.276,0.2,0.0,200000,0.2748900000020504,0.02088759,2773.907821416855,72511,26.140378357729933
86,1000.0,1000,0.317,0.6,0.0,200000,0.2648900000020404,0.020682503,2812.0569701194763,73511,26.141362272760624
87,1000.0,1000,0.359,0.45,0.0,200000,0.2548900000020304,0.020694956,2849.8511390686035,74511,26.14557615521094
88,1000.0,1000,0.402,0.3,0.0,200000,0.24489000000202038,0.020533372,2887.7802214622498,75511,26.14845805311869
89,1000.0,1000,0.345,0.4,0.0,200000,0.23489000000201038,0.020381117,2925.6295249462128,76511,26.15197834692908
90,1000.0,1000,0.309,0.2,0.0,200000,0.22489000000200038,0.020223767,2962.5710661411285,77511,26.16342300557387
91,1000.0,1000,0.252,0.25,0.0,200000,0.21489000000199038,0.020119,3000.293971300125,78511,26.167769138135775
92,1000.0,1000,0.717,0.75,0.0,200000,0.20489000000198038,0.019977828,3038.0653882026672,79511,26.171589421279666
93,1000.0,1000,0.283,0.3,0.0,200000,0.19489000000197038,0.01982343,3076.5601518154144,80511,26.169161663806406
94,1000.0,1000,0.202,0.25,0.0,200000,0.18489000000196038,0.019702224,3114.684577226639,81511,26.1699051594174
95,1000.0,1000,0.242,0.2,0.0,200000,0.17489000000195037,0.019601198,3151.753388404846,82511,26.17939597838751
96,1000.0,1000,0.756,0.85,0.0,200000,0.16489000000194037,0.019505257,3189.72811126709,83511,26.181228326730256
97,1000.0,1000,0.397,0.4,0.0,200000,0.15489000000193037,0.019398987,3227.2648112773895,84511,26.186571268014244
98,1000.0,1000,0.155,0.1,0.0,200000,0.14489000000192037,0.01925921,3265.297954559326,85511,26.18780925278623
99,1000.0,1000,0.122,0.2,0.0,200000,0.13489000000191037,0.019204594,3303.080199241638,86511,26.19100801953686
100,1000.0,1000,0.33,0.55,0.0,200000,0.12489000000190052,0.019150596,3340.280147790909,87511,26.1987007423263
101,1000.0,1000,0.693,0.7,0.0,200000,0.1148900000019044,0.019148203,3378.3458275794983,88511,26.19950842767231
102,1000.0,1000,0.714,0.65,0.0,200000,0.10489000000190828,0.01930524,3416.2711460590363,89511,26.20137458483586
103,1000.0,1000,0.121,0.1,0.0,200000,0.1,0.019163975,3454.528755426407,90511,26.200679280880497
104,1000.0,1000,0.738,0.75,0.0,200000,0.1,0.019019539,3492.6673851013184,91511,26.20089172472168
105,1000.0,1000,0.334,0.45,0.0,200000,0.1,0.018884672,3529.587902545929,92511,26.21014195864732
106,1000.0,1000,0.309,0.2,0.0,200000,0.1,0.018756084,3567.503497838974,93511,26.2118874008521
107,1000.0,1000,0.666,0.6,0.0,200000,0.1,0.018667208,3604.9891374111176,94511,26.216722543405748
108,1000.0,1000,0.144,0.1,0.0,200000,0.1,0.018542254,3642.915504693985,95511,26.218285836764256
109,1000.0,1000,0.259,0.35,0.0,200000,0.1,0.018428355,3680.891354560852,96511,26.21946443907182
110,1000.0,1000,0.306,0.2,0.0,200000,0.1,0.018318053,3718.0336022377014,97511,26.22649776922441
111,1000.0,1000,0.549,0.55,0.0,200000,0.1,0.018192934,3755.8415489196777,98511,26.228742268381545
112,1000.0,1000,0.32,0.35,0.0,200000,0.1,0.018090902,3793.4685621261597,99511,26.232193138755758
113,1000.0,1000,0.341,0.45,0.0,200000,0.1,0.017968003,3831.7257051467896,100511,26.231261764439754
114,1000.0,1000,0.471,0.5,0.0,200000,0.1,0.017862614,3869.3212454319,101511,26.23483384872185
115,1000.0,1000,0.355,0.2,0.0,200000,0.1,0.017734852,3906.0304691791534,102511,26.244290923062945
116,1000.0,1000,0.646,0.75,0.0,200000,0.1,0.017715901,3943.605246782303,103511,26.24780968428358
117,1000.0,1000,0.536,0.6,0.0,200000,0.1,0.017651156,3981.9912762641907,104511,26.24591384979997
118,1000.0,1000,0.36,0.3,0.0,200000,0.1,0.017534086,4019.757882118225,105511,26.248098288915987
119,1000.0,1000,0.338,0.3,0.0,200000,0.1,0.01749306,4057.7825105190277,106511,26.248572884046382
120,1000.0,1000,0.336,0.5,0.0,200000,0.1,0.017382335,4095.0693576335907,107511,26.253767787124463
121,1000.0,1000,0.601,0.45,0.0,200000,0.1,0.017294096,4133.005599975586,108511,26.254743032978745
122,1000.0,1000,0.89,0.9,0.0,200000,0.1,0.017219728,4170.566732883453,109511,26.25806203363764
123,1000.0,1000,0.738,0.85,0.0,200000,0.1,0.01715942,4208.498927593231,110511,26.259006331903258
124,1000.0,1000,0.635,0.7,0.0,200000,0.1,0.017111257,4246.234743595123,111511,26.261148220647947
125,1000.0,1000,0.201,0.0,0.0,200000,0.1,0.01711884,4283.41454911232,112511,26.266661491074096
126,1000.0,1000,0.437,0.5,0.0,200000,0.1,0.017016497,4321.09193778038,113511,26.269054585197793
127,1000.0,1000,0.65,0.55,0.0,200000,0.1,0.016941693,4358.601091861725,114511,26.272420343203315
128,1000.0,1000,0.847,0.8,0.0,200000,0.1,0.016890585,4396.082560300827,115511,26.2758941390995
129,1000.0,1000,0.764,0.85,0.0,200000,0.1,0.016834643,4433.6098120212555,116511,26.279037833135913
130,1000.0,1000,0.718,0.85,0.0,200000,0.1,0.016764289,4470.345546722412,117511,26.286782252740053
131,1000.0,1000,0.304,0.3,0.0,200000,0.1,0.016690975,4507.956632852554,118511,26.289294603574035
132,1000.0,1000,0.43,0.65,0.0,200000,0.1,0.016602606,4545.414976358414,119511,26.29264888003903
133,1000.0,1000,0.245,0.25,0.0,200000,0.1,0.01658527,4583.73533987999,120511,26.291003090640626
134,1000.0,1000,0.188,0.2,0.0,200000,0.1,0.016526323,4621.741512060165,121511,26.291171772397743
135,1000.0,1000,0.249,0.25,0.0,200000,0.1,0.016447421,4658.87199139595,122511,26.296279487276305
136,1000.0,1000,0.772,0.65,0.0,200000,0.1,0.016367303,4696.189630270004,123511,26.30025823171187
137,1000.0,1000,0.865,0.9,0.0,200000,0.1,0.016295636,4733.604628324509,124511,26.30363322617793
138,1000.0,1000,0.776,0.6,0.0,200000,0.1,0.016225578,4770.965008735657,125511,26.307256447625285
139,1000.0,1000,0.874,0.9,0.0,200000,0.1,0.016140306,4808.308904647827,126511,26.310913563107267
140,1000.0,1000,0.676,0.7,0.0,200000,0.1,0.016066639,4846.413116693497,127511,26.310386035445863
141,1000.0,1000,0.8,0.9,0.0,200000,0.1,0.016008416,4883.343518733978,128511,26.31619084228757
142,1000.0,1000,0.715,0.55,0.0,200000,0.1,0.015955223,4920.846572160721,129511,26.318845361664593
143,1000.0,1000,0.591,0.6,0.0,200000,0.1,0.015904319,4958.880439043045,130511,26.318642199938996
144,1000.0,1000,0.498,0.65,0.0,200000,0.1,0.01582529,4996.599945068359,131511,26.320097953259367
145,1000.0,1000,0.712,0.65,0.0,200000,0.1,0.015744733,5034.043972969055,132511,26.322972284848355
146,1000.0,1000,0.697,0.7,0.0,200000,0.1,0.01567325,5070.934102296829,133511,26.32867974377655
147,1000.0,1000,0.798,0.85,0.0,200000,0.1,0.015601034,5108.287722826004,134511,26.331915366942148
148,1000.0,1000,0.649,0.85,0.0,200000,0.1,0.015527617,5146.710322141647,135511,26.329634173927783
149,1000.0,1000,0.761,0.9,0.0,200000,0.1,0.015449371,5184.278363704681,136511,26.331726502797853
150,1000.0,1000,0.724,0.75,0.0,200000,0.1,0.015377606,5222.019382715225,137511,26.33291642502238
151,1000.0,1000,0.824,0.9,0.0,200000,0.1,0.01530022,5258.694143533707,138511,26.339428802444967
152,1000.0,1000,0.67,0.65,0.0,200000,0.1,0.015243534,5296.043885469437,139511,26.34249318772624
153,1000.0,1000,0.388,0.35,0.0,200000,0.1,0.015233968,5333.976026535034,140511,26.34263807751581
154,1000.0,1000,0.592,0.4,0.0,200000,0.1,0.015210705,5371.353049993515,141511,26.34550338999004
155,1000.0,1000,0.683,0.7,0.0,200000,0.1,0.015163918,5408.777128458023,142511,26.34809987596298
156,1000.0,1000,0.677,0.6,0.0,200000,0.1,0.015089635,5445.990092515945,143511,26.351682164213255
157,1000.0,1000,0.716,0.7,0.0,200000,0.1,0.01503465,5483.794978618622,144511,26.352371040654187
158,1000.0,1000,0.837,0.9,0.0,200000,0.1,0.015021061,5521.406585693359,145511,26.353972982984132
159,1000.0,1000,0.376,0.45,0.0,200000,0.1,0.0149831455,5558.908202409744,146511,26.356074725492586
160,1000.0,1000,0.645,0.8,0.0,200000,0.1,0.014919613,5596.510156869888,147511,26.357675738347982
161,1000.0,1000,0.713,0.65,0.0,200000,0.1,0.014858017,5633.237673521042,148511,26.363347081771007
162,1000.0,1000,0.915,0.95,0.0,200000,0.1,0.014787475,5670.881518363953,149511,26.3646841330168
163,1000.0,1000,0.867,0.9,0.0,200000,0.1,0.01472832,5708.6483063697815,150511,26.365435720906802
164,1000.0,1000,0.675,0.65,0.0,200000,0.1,0.014671021,5746.417155742645,151511,26.36616797034743
165,1000.0,1000,0.332,0.35,0.0,200000,0.1,0.014600463,5784.219716310501,152511,26.36673699498073
166,1000.0,1000,0.255,0.35,0.0,200000,0.1,0.014538807,5822.494021654129,153511,26.365162318798017
167,1000.0,1000,0.436,0.25,0.0,200000,0.1,0.014501861,5859.8150470256805,154511,26.367897066282552
168,1000.0,1000,0.535,0.4,0.0,200000,0.1,0.014440788,5897.598342418671,155511,26.368530197946594
169,1000.0,1000,0.503,0.35,0.0,200000,0.1,0.014373045,5935.0484845638275,156511,26.370635453861443
170,1000.0,1000,0.287,0.15,0.0,200000,0.1,0.014309523,5972.658544063568,157511,26.372008180124897
171,1000.0,1000,0.389,0.35,0.0,200000,0.1,0.01424645,6010.830888271332,158511,26.37089662541012
172,1000.0,1000,0.55,0.55,0.0,200000,0.1,0.0141984215,6048.192497014999,159511,26.37333386233137
173,1000.0,1000,0.378,0.4,0.0,200000,0.1,0.014136645,6086.33269572258,160511,26.372367073187224
174,1000.0,1000,0.647,0.55,0.0,200000,0.1,0.014071672,6123.867313146591,161511,26.374020161150025
175,1000.0,1000,0.734,0.7,0.0,200000,0.1,0.014018734,6161.348147392273,162511,26.375883345628523
176,1000.0,1000,0.325,0.2,0.0,200000,0.1,0.0139681585,6198.909062862396,163511,26.37738323457834
177,1000.0,1000,0.33,0.4,0.0,200000,0.1,0.013904583,6236.09317278862,164511,26.380458955499495
178,1000.0,1000,0.295,0.35,0.0,200000,0.1,0.013860093,6273.693191289902,165511,26.381749145337203
179,1000.0,1000,0.298,0.4,0.0,200000,0.1,0.013796794,6311.979066848755,166511,26.380157193796162
180,1000.0,1000,0.343,0.35,0.0,200000,0.1,0.013736916,6350.017333984375,167511,26.379613024370563
181,1000.0,1000,0.305,0.3,0.0,200000,0.1,0.013683049,6387.717999458313,168511,26.38046952005564
182,1000.0,1000,0.293,0.15,0.0,200000,0.1,0.013629816,6424.987360715866,169511,26.383086916446846
183,1000.0,1000,0.299,0.4,0.0,200000,0.1,0.013573617,6463.2881326675415,170511,26.381463502967314
184,1000.0,1000,0.33,0.2,0.0,200000,0.1,0.013522085,6500.895804643631,171511,26.382671733472236
185,1000.0,1000,0.687,0.65,0.0,200000,0.1,0.013473958,6538.52858543396,172511,26.38376474666276
186,1000.0,1000,0.342,0.35,0.0,200000,0.1,0.013420831,6576.251215457916,173511,26.38448476231713
187,1000.0,1000,0.628,0.65,0.0,200000,0.1,0.013367739,6613.379187822342,174511,26.387569052256406
188,1000.0,1000,0.908,0.85,0.0,200000,0.1,0.013319053,6650.9828996658325,175511,26.388731203916276
189,1000.0,1000,0.647,0.55,0.0,200000,0.1,0.0132767465,6688.510813236237,176511,26.3901793552935
190,1000.0,1000,0.535,0.55,0.0,200000,0.1,0.013242396,6726.28254199028,177511,26.39065470012194
191,1000.0,1000,0.721,0.85,0.0,200000,0.1,0.013208056,6763.928868532181,178511,26.391614023561036
192,1000.0,1000,0.676,0.65,0.0,200000,0.1,0.013165794,6801.337690353394,179511,26.393484365335198
193,1000.0,1000,0.92,0.95,0.0,200000,0.1,0.013115492,6839.2865471839905,180511,26.393250046738533
194,1000.0,1000,0.688,0.65,0.0,200000,0.1,0.013060998,6876.769358873367,181511,26.394806995658527
195,1000.0,1000,0.955,0.95,0.0,200000,0.1,0.013009947,6914.607762098312,182511,26.39498960180149
196,1000.0,1000,0.965,0.95,0.0,200000,0.1,0.01298025,6952.575142621994,183511,26.394680563195518
197,1000.0,1000,0.949,1.0,0.0,200000,0.1,0.0129331285,6989.577444791794,184511,26.398019256314985
198,1000.0,1000,0.935,0.95,0.0,200000,0.1,0.0128944665,7027.443727731705,185511,26.398076907446267
199,1000.0,1000,0.953,1.0,0.0,200000,0.1,0.012851463,7065.386361122131,186511,26.39784867444824
200,1000.0,1000,0.961,0.9,0.0,200000,0.1,0.012810135,7103.254583358765,187511,26.397899410843646
201,1000.0,1000,0.966,0.95,0.0,200000,0.1,0.0127874175,7140.7418422698975,188511,26.399357959072773
202,1000.0,1000,0.956,0.95,0.0,200000,0.1,0.0127495015,7177.87318944931,189511,26.402110343726356
203,1000.0,1000,0.924,0.85,0.0,200000,0.1,0.012718283,7215.946928501129,190511,26.401385967605574
204,1000.0,1000,0.941,0.95,0.0,200000,0.1,0.012675332,7253.482407808304,191511,26.40262831201681
205,1000.0,1000,0.957,0.85,0.0,200000,0.1,0.012632483,7291.06952214241,192511,26.403670873864762
206,1000.0,1000,0.962,0.95,0.0,200000,0.1,0.01262598,7328.6648478508,193511,26.40467315651129
207,1000.0,1000,0.946,1.0,0.0,200000,0.1,0.012581513,7365.4171895980835,194511,26.40868737969276
208,1000.0,1000,0.955,0.95,0.0,200000,0.1,0.0125432275,7403.000991821289,195511,26.409695229962495
209,1000.0,1000,0.961,0.95,0.0,200000,0.1,0.012500727,7440.7651624679565,196511,26.41005268902047
210,1000.0,1000,0.506,0.35,0.0,200000,0.1,0.012474688,7478.754895925522,197511,26.40960998668539
211,1000.0,1000,0.952,1.0,0.0,200000,0.1,0.0124382535,7516.451418638229,198511,26.410201959819396
212,1000.0,1000,0.934,0.95,0.0,200000,0.1,0.012401231,7554.173365831375,199511,26.4106991361654
213,1000.0,1000,0.78,0.65,0.0,200000,0.1,0.01235857,7591.375428438187,200511,26.41300010486472
214,1000.0,1000,0.955,1.0,0.0,200000,0.1,0.012319477,7628.979693889618,201511,26.413886006605345
215,1000.0,1000,0.931,0.65,0.0,200000,0.1,0.012289447,7666.500073671341,202511,26.415052245662558
216,1000.0,1000,0.938,0.85,0.0,200000,0.1,0.012260263,7704.175851106644,203511,26.415674293295538
217,1000.0,1000,0.924,0.85,0.0,200000,0.1,0.012220328,7741.639130353928,204511,26.41701538105088
218,1000.0,1000,0.942,0.95,0.0,200000,0.1,0.012184432,7778.853677749634,205511,26.419188287683223
219,1000.0,1000,0.945,0.95,0.0,200000,0.1,0.012158155,7816.521386623383,206511,26.41980873241257
220,1000.0,1000,0.949,0.8,0.0,200000,0.1,0.012122167,7854.302450895309,207511,26.420041917757807
221,1000.0,1000,0.947,0.9,0.0,200000,0.1,0.012097617,7892.076753139496,208511,26.42029550770086
222,1000.0,1000,0.92,0.9,0.0,200000,0.1,0.012061838,7929.8355050086975,209511,26.420598492247272
223,1000.0,1000,0.951,1.0,0.0,200000,0.1,0.012033533,7966.948601007462,210511,26.423039800731342
224,1000.0,1000,0.913,1.0,0.0,200000,0.1,0.012006279,8004.471420764923,211511,26.42410583569647
225,1000.0,1000,0.884,0.85,0.0,200000,0.1,0.011989827,8041.987067461014,212511,26.42518549189764
226,1000.0,1000,0.963,0.8,0.0,200000,0.1,0.011967525,8079.825077533722,213511,26.42520078572931
227,1000.0,1000,0.881,0.9,0.0,200000,0.1,0.011936062,8117.620720148087,214511,26.42535385460657
228,1000.0,1000,0.92,0.95,0.0,200000,0.1,0.01191978,8154.518505334854,215511,26.42841509850106
229,1000.0,1000,0.922,0.95,0.0,200000,0.1,0.011884566,8192.341708898544,216511,26.42846303056708
230,1000.0,1000,0.922,0.95,0.0,200000,0.1,0.011865868,8230.128338813782,217511,26.42862796626169
231,1000.0,1000,0.94,1.0,0.0,200000,0.1,0.011842483,8267.688155651093,218511,26.429516434015536
232,1000.0,1000,0.909,0.9,0.0,200000,0.1,0.011815154,8305.365876436234,219511,26.430021657467016
233,1000.0,1000,0.927,1.0,0.0,200000,0.1,0.0117868055,8342.830427885056,220511,26.43119764850562
234,1000.0,1000,0.925,0.95,0.0,200000,0.1,0.011760097,8380.531046628952,221511,26.431618562393503
235,1000.0,1000,0.782,0.8,0.0,200000,0.1,0.011752009,8417.988834619522,222511,26.432798184051155
236,1000.0,1000,0.923,0.95,0.0,200000,0.1,0.011723496,8455.692478895187,223511,26.43319876390505
237,1000.0,1000,0.937,0.9,0.0,200000,0.1,0.011696106,8493.358496904373,224511,26.433712890245012
238,1000.0,1000,0.928,0.95,0.0,200000,0.1,0.011671567,8530.900742769241,225511,26.4346060024476
239,1000.0,1000,0.93,0.9,0.0,200000,0.1,0.01164037,8567.63729763031,226511,26.4379772530804
240,1000.0,1000,0.928,0.9,0.0,200000,0.1,0.011623817,8605.172642469406,227511,26.438865253201666
241,1000.0,1000,0.931,0.9,0.0,200000,0.1,0.011603934,8643.05320763588,228511,26.43868948755365
242,1000.0,1000,0.93,0.95,0.0,200000,0.1,0.011606489,8680.727291822433,229511,26.43914412531967
243,1000.0,1000,0.9,0.85,0.0,200000,0.1,0.011592114,8718.775584936142,230511,26.438460049293496
244,1000.0,1000,0.934,0.8,0.0,200000,0.1,0.011572996,8755.685215950012,231511,26.441220108274123
245,1000.0,1000,0.924,1.0,0.0,200000,0.1,0.011546764,8793.345025777817,232511,26.44170100294965
246,1000.0,1000,0.911,0.85,0.0,200000,0.1,0.01153474,8831.110700130463,233511,26.441860815722492
247,1000.0,1000,0.923,0.9,0.0,200000,0.1,0.01151807,8868.671657085419,234511,26.442629635525414
248,1000.0,1000,0.945,0.95,0.0,200000,0.1,0.011494515,8906.243699073792,235511,26.443359057408557
249,1000.0,1000,0.939,1.0,0.0,200000,0.1,0.011479367,8943.48534488678,236511,26.44505926569326
250,1000.0,1000,0.915,0.8,0.0,200000,0.1,0.011470323,8981.209938526154,237511,26.445323248547314
251,1000.0,1000,0.636,0.65,0.0,200000,0.1,0.011455501,9018.978701353073,238511,26.44545550945887
252,1000.0,1000,0.906,0.9,0.0,200000,0.1,0.011434106,9056.774343252182,239511,26.44550818024236
253,1000.0,1000,0.906,0.9,0.0,200000,0.1,0.011412179,9094.649900913239,240511,26.445328034368753
254,1000.0,1000,0.927,0.9,0.0,200000,0.1,0.011399758,9131.4423391819,241511,26.448286154214035
255,1000.0,1000,0.927,0.9,0.0,200000,0.1,0.011381197,9168.982066392899,242511,26.44906470874935
256,1000.0,1000,0.824,0.95,0.0,200000,0.1,0.011356153,9206.399787187576,243511,26.450187435915215
257,1000.0,1000,0.937,0.95,0.0,200000,0.1,0.011345397,9244.284497737885,244511,26.449964844863263
258,1000.0,1000,0.946,0.85,0.0,200000,0.1,0.011322388,9281.80903172493,245511,26.450770442296157
259,1000.0,1000,0.939,1.0,0.0,200000,0.1,0.011313932,9318.756578207016,246511,26.4532073464894
260,1000.0,1000,0.927,0.85,0.0,200000,0.1,0.0112892,9356.672394037247,247511,26.45288726204824
261,1000.0,1000,0.938,0.9,0.0,200000,0.1,0.011275065,9394.345234394073,248511,26.453253929560834
262,1000.0,1000,0.841,0.75,0.0,200000,0.1,0.011256902,9431.87733912468,249511,26.454012389036684
263,1000.0,1000,0.914,0.75,0.0,200000,0.1,0.011231463,9469.58108139038,250511,26.45428534105799
264,1000.0,1000,0.903,0.9,0.0,200000,0.1,0.011220179,9507.47788643837,251511,26.454018929650967
265,1000.0,1000,0.932,1.0,0.0,200000,0.1,0.0111909555,9544.333374261856,252511,26.456640823341477
266,1000.0,1000,0.893,0.85,0.0,200000,0.1,0.011180408,9581.901947975159,253511,26.45727344777891
267,1000.0,1000,0.928,0.85,0.0,200000,0.1,0.011159374,9619.899660110474,254511,26.456720857123152
268,1000.0,1000,0.902,0.85,0.0,200000,0.1,0.011135534,9657.532627105713,255511,26.457171809870772
269,1000.0,1000,0.92,0.95,0.0,200000,0.1,0.011113888,9695.124428749084,256511,26.45773160106459
270,1000.0,1000,0.927,0.85,0.0,200000,0.1,0.011091986,9732.130936145782,257511,26.45987828122718
271,1000.0,1000,0.919,0.9,0.0,200000,0.1,0.011072212,9769.526626110077,258511,26.460954545789853
272,1000.0,1000,0.834,0.8,0.0,200000,0.1,0.011045843,9807.474050045013,259511,26.460533941446716
273,1000.0,1000,0.766,0.7,0.0,200000,0.1,0.011029185,9845.483760118484,260511,26.459949184279374
274,1000.0,1000,0.922,0.95,0.0,200000,0.1,0.011015662,9882.971957683563,261511,26.46076515186832
275,1000.0,1000,0.895,1.0,0.0,200000,0.1,0.01099264,9919.865581035614,262511,26.463161001822343
276,1000.0,1000,0.909,0.85,0.0,200000,0.1,0.010978633,9957.423926353455,263511,26.463772350795395
277,1000.0,1000,0.858,0.9,0.0,200000,0.1,0.0109569905,9995.04392337799,264511,26.464215865633324
278,1000.0,1000,0.9,0.9,0.0,200000,0.1,0.01093948,10032.814279794693,265511,26.46425943673549
279,1000.0,1000,0.801,0.75,0.0,200000,0.1,0.0109174,10070.35277056694,266511,26.46491200983685
280,1000.0,1000,0.857,0.8,0.0,200000,0.1,0.01089985,10107.395513057709,267511,26.466857821263954
281,1000.0,1000,0.901,0.7,0.0,200000,0.1,0.010882607,10144.98673582077,268511,26.4673584073479
282,1000.0,1000,0.799,0.75,0.0,200000,0.1,0.010866504,10182.449434995651,269511,26.468189378982572
283,1000.0,1000,0.738,0.75,0.0,200000,0.1,0.010840955,10220.040400505066,270511,26.468682058018057
284,1000.0,1000,0.857,0.75,0.0,200000,0.1,0.010833073,10257.50024843216,271511,26.469509472239917
285,1000.0,1000,0.165,0.0,0.0,200000,0.1,0.010819455,10295.21245265007,272511,26.469682023631457
286,1000.0,1000,0.863,0.9,0.0,200000,0.1,0.010806909,10331.945916891098,273511,26.472360790615276
287,1000.0,1000,0.893,0.9,0.0,200000,0.1,0.010795983,10369.341369390488,274511,26.473330387703196
288,1000.0,1000,0.71,0.65,0.0,200000,0.1,0.01080223,10407.271814346313,275511,26.472932090385854
289,1000.0,1000,0.358,0.25,0.0,200000,0.1,0.010782854,10444.930137395859,276511,26.473226373950318
290,1000.0,1000,0.248,0.25,0.0,200000,0.1,0.010760778,10482.788308858871,277511,26.473013839890672
291,1000.0,1000,0.183,0.1,0.0,200000,0.1,0.0107632745,10520.136973142624,278511,26.474084955306655
292,1000.0,1000,0.689,0.75,0.0,200000,0.1,0.010751104,10558.02053308487,279511,26.473807197588034
293,1000.0,1000,0.716,0.65,0.0,200000,0.1,0.010806166,10595.890706777573,280511,26.473564870572883
294,1000.0,1000,0.899,0.95,0.0,200000,0.1,0.010811733,10633.768212795258,281511,26.473306014761896
295,1000.0,1000,0.912,0.9,0.0,200000,0.1,0.010852292,10671.414419412613,282511,26.473622791131998
296,1000.0,1000,0.91,0.85,0.0,200000,0.1,0.010917343,10708.672820568085,283511,26.474896070830155
297,1000.0,1000,0.916,1.0,0.0,200000,0.1,0.010908975,10746.441192626953,284511,26.474904099067174
298,1000.0,1000,0.816,0.95,0.0,200000,0.1,0.010910983,10784.208901643753,285511,26.474913699405207
299,1000.0,1000,0.924,0.9,0.0,200000,0.1,0.010903295,10821.894383192062,286511,26.4751243935102
300,1000.0,1000,0.873,0.85,0.0,200000,0.1,0.010890424,10859.552434921265,287511,26.475400502033683
301,1000.0,1000,0.856,0.95,0.0,200000,0.1,0.010889004,10896.332483768463,288511,26.477808051885745
302,1000.0,1000,0.912,0.95,0.0,200000,0.1,0.01087923,10933.72445821762,289511,26.478717393484516
303,1000.0,1000,0.786,0.8,0.0,200000,0.1,0.010869261,10971.671499729156,290511,26.47828090683773
304,1000.0,1000,0.784,0.85,0.0,200000,0.1,0.010875433,11009.822321653366,291511,26.47735735096633
305,1000.0,1000,0.733,0.75,0.0,200000,0.1,0.010877692,11047.574505090714,292511,26.477395545292385
306,1000.0,1000,0.779,0.7,0.0,200000,0.1,0.0108734835,11084.449867486954,293511,26.47952794139026
307,1000.0,1000,0.751,0.6,0.0,200000,0.1,0.010876664,11122.328549146652,294511,26.479257350293768
308,1000.0,1000,0.738,0.55,0.0,200000,0.1,0.010867838,11160.096813440323,295511,26.479250577063457
309,1000.0,1000,0.884,0.85,0.0,200000,0.1,0.010856161,11197.840779304504,296511,26.479301307389186
310,1000.0,1000,0.869,0.85,0.0,200000,0.1,0.010856065,11235.452609062195,297511,26.479663110982255
311,1000.0,1000,0.692,0.8,0.0,200000,0.1,0.010876974,11272.455582857132,298511,26.481452757731603
312,1000.0,1000,0.717,0.7,0.0,200000,0.1,0.010885866,11310.563071727753,299511,26.48064451680928
313,1000.0,1000,0.852,0.9,0.0,200000,0.1,0.01090491,11348.675589799881,300511,26.479829968102848
314,1000.0,1000,0.896,0.8,0.0,200000,0.1,0.01089959,11386.223370552063,301511,26.480334187088847
315,1000.0,1000,0.92,0.9,0.0,200000,0.1,0.010890876,11424.035656690598,302511,26.48022197043868
316,1000.0,1000,0.771,0.65,0.0,200000,0.1,0.010881665,11461.746845960617,303511,26.480344058055813
317,1000.0,1000,0.934,0.95,0.0,200000,0.1,0.010880878,11498.941373348236,304511,26.481655145503687
318,1000.0,1000,0.857,0.9,0.0,200000,0.1,0.01098723,11536.3465924263,305511,26.482474111458707
319,1000.0,1000,0.853,0.9,0.0,200000,0.1,0.010990111,11573.754122018814,306511,26.483282498998427
320,1000.0,1000,0.743,0.95,0.0,200000,0.1,0.011278938,11611.73674082756,307511,26.482774010870482
321,1000.0,1000,0.738,0.6,0.0,200000,0.1,0.0114485845,11649.71240234375,308511,26.482284654425506
322,1000.0,1000,0.9,0.85,0.0,200000,0.1,0.011458358,11686.744347810745,309511,26.483936908632987
323,1000.0,1000,0.91,1.0,0.0,200000,0.1,0.011450862,11724.814455270767,310511,26.483233587358377
324,1000.0,1000,0.473,0.55,0.0,200000,0.1,0.011566792,11762.34751033783,311511,26.483743972644316
325,1000.0,1000,0.662,0.65,0.0,200000,0.1,0.011675465,11799.775885343552,312511,26.484486062928138
326,1000.0,1000,0.68,0.6,0.0,200000,0.1,0.011754422,11837.236303567886,313511,26.485151764710974
327,1000.0,1000,0.72,0.7,0.0,200000,0.1,0.01177737,11874.150183439255,314511,26.48703234577705
328,1000.0,1000,0.889,0.95,0.0,200000,0.1,0.01179348,11912.153149366379,315511,26.48647948232917
329,1000.0,1000,0.872,0.95,0.0,200000,0.1,0.011793877,11949.86721253395,316511,26.486570466271697
330,1000.0,1000,0.897,0.75,0.0,200000,0.1,0.011802926,11987.44156217575,317511,26.486969578998387
331,1000.0,1000,0.895,0.95,0.0,200000,0.1,0.0117996065,12025.129096031189,318511,26.487116889236745
332,1000.0,1000,0.708,0.5,0.0,200000,0.1,0.011818702,12061.875909805298,319511,26.489329053809747
333,1000.0,1000,0.854,0.8,0.0,200000,0.1,0.011908478,12099.701220273972,320511,26.489166479913806
334,1000.0,1000,0.868,0.9,0.0,200000,0.1,0.011949428,12137.305027246475,321511,26.48948833858159
335,1000.0,1000,0.593,0.55,0.0,200000,0.1,0.011948335,12173.542450666428,322511,26.492781480357984
336,1000.0,1000,0.877,0.9,0.0,200000,0.1,0.011938149,12211.563691139221,323511,26.492184634970943
337,1000.0,1000,0.883,0.7,0.0,200000,0.1,0.011921541,12249.351655244827,324511,26.49209599939152
338,1000.0,1000,0.585,0.65,0.0,200000,0.1,0.011923967,12286.272500991821,325511,26.493877615126113
339,1000.0,1000,0.478,0.45,0.0,200000,0.1,0.011908637,12323.887948274612,326511,26.494155201490557
340,1000.0,1000,0.408,0.25,0.0,200000,0.1,0.011904604,12361.60585141182,327511,26.494211505994976
341,1000.0,1000,0.692,0.7,0.0,200000,0.1,0.011889411,12399.132289648056,328511,26.494676588105907
342,1000.0,1000,0.895,0.9,0.0,200000,0.1,0.0118823415,12436.814176082611,329511,26.4948076993104
343,1000.0,1000,0.871,0.85,0.0,200000,0.1,0.011863884,12473.661026000977,330511,26.496711695020814
344,1000.0,1000,0.89,0.9,0.0,200000,0.1,0.011851585,12511.534414052963,331511,26.496430335116383
345,1000.0,1000,0.832,0.75,0.0,200000,0.1,0.011866609,12549.54298734665,332511,26.495865253629336
346,1000.0,1000,0.855,0.85,0.0,200000,0.1,0.011857057,12587.085638999939,333511,26.49628433082334
347,1000.0,1000,0.863,0.9,0.0,200000,0.1,0.011844691,12624.779354333878,334511,26.496383865317494
348,1000.0,1000,0.4,0.45,0.0,200000,0.1,0.011832017,12661.81596827507,335511,26.497857876627453
349,1000.0,1000,0.856,0.65,0.0,200000,0.1,0.01189049,12699.389858007431,336511,26.498202177420527
350,1000.0,1000,0.767,0.7,0.0,200000,0.1,0.011882902,12736.989526748657,337511,26.49849081516205
351,1000.0,1000,0.813,0.9,0.0,200000,0.1,0.011889614,12774.781234025955,338511,26.498379407526127
352,1000.0,1000,0.836,0.85,0.0,200000,0.1,0.011884174,12812.308710336685,339511,26.49881513652996
353,1000.0,1000,0.89,0.85,0.0,200000,0.1,0.011871628,12849.422148227692,340511,26.50010218770904
354,1000.0,1000,0.17,0.35,0.0,200000,0.1,0.011868654,12887.140075206757,341511,26.500138741546845
355,1000.0,1000,0.007,0.0,0.0,200000,0.1,0.011855791,12925.676353216171,342511,26.49849730317136
356,1000.0,1000,0.713,0.55,0.0,200000,0.1,0.011848429,12963.513272762299,343511,26.49829508045474
357,1000.0,1000,0.569,0.75,0.0,200000,0.1,0.011841644,13001.202893733978,344511,26.498394247871378
358,1000.0,1000,0.752,0.75,0.0,200000,0.1,0.011838639,13038.627110242844,345511,26.499032226785506
359,1000.0,1000,0.034,0.0,0.0,200000,0.1,0.011829899,13076.227371692657,346511,26.49930978801816
360,1000.0,1000,0.277,0.25,0.0,200000,0.1,0.011827504,13114.244470834732,347511,26.49874346632834
361,1000.0,1000,0.093,0.0,0.0,200000,0.1,0.011822695,13152.103090286255,348511,26.498499714829958
362,1000.0,1000,0.353,0.5,0.0,200000,0.1,0.011814362,13190.159367084503,349511,26.497860280084065
363,1000.0,1000,0.128,0.25,0.0,200000,0.1,0.0118249515,13227.75860786438,350511,26.498140038075356
364,1000.0,1000,0.797,0.75,0.0,200000,0.1,0.011829625,13265.48525929451,351511,26.498163702008355
365,1000.0,1000,0.778,0.8,0.0,200000,0.1,0.011831766,13303.216796398163,352511,26.498177499656084
366,1000.0,1000,0.584,0.35,0.0,200000,0.1,0.011837799,13340.756387710571,353511,26.498572472749675
367,1000.0,1000,0.75,0.7,0.0,200000,0.1,0.011845553,13378.685013055801,354511,26.49819467618899
368,1000.0,1000,0.572,0.45,0.0,200000,0.1,0.01184062,13416.323781251907,355511,26.49839149607261
369,1000.0,1000,0.753,0.7,0.0,200000,0.1,0.011827094,13453.283341407776,356511,26.499925031961737
370,1000.0,1000,0.817,0.8,0.0,200000,0.1,0.011831341,13490.89330482483,357511,26.50017251707898
371,1000.0,1000,0.827,0.65,0.0,200000,0.1,0.011846674,13528.389938116074,358511,26.500640625183575
372,1000.0,1000,0.31,0.25,0.0,200000,0.1,0.011843305,13566.04349565506,359511,26.500799595881276
373,1000.0,1000,0.329,0.25,0.0,200000,0.1,0.011846771,13604.20394897461,360511,26.499970253355574
374,1000.0,1000,0.547,0.45,0.0,200000,0.1,0.011902921,13641.206117868423,361511,26.501395614411617
375,1000.0,1000,0.751,0.75,0.0,200000,0.1,0.011904256,13679.087364196777,362511,26.501110076699153
376,1000.0,1000,0.197,0.35,0.0,200000,0.1,0.0119008515,13717.531626224518,363511,26.499738429064095
377,1000.0,1000,0.263,0.2,0.0,200000,0.1,0.011986805,13755.57473897934,364511,26.499147211066877
378,1000.0,1000,0.788,0.9,0.0,200000,0.1,0.012082107,13792.960075855255,365511,26.499822951506644
379,1000.0,1000,0.729,0.5,0.0,200000,0.1,0.012091376,13829.475915193558,366511,26.502161197474017
380,1000.0,1000,0.903,0.95,0.0,200000,0.1,0.01223513,13866.919820308685,367511,26.50271327326841
381,1000.0,1000,0.327,0.25,0.0,200000,0.1,0.012400392,13904.766397476196,368511,26.50249486062921
382,1000.0,1000,0.317,0.25,0.0,200000,0.1,0.012506391,13943.053351402283,369511,26.501440586555642
383,1000.0,1000,0.783,0.75,0.0,200000,0.1,0.012552344,13980.932535886765,370511,26.501164999997116
384,1000.0,1000,0.702,0.6,0.0,200000,0.1,0.012543256,14017.87957239151,371511,26.502653133532643
385,1000.0,1000,0.584,0.65,0.0,200000,0.1,0.01253141,14055.497310876846,372511,26.502868716459947
386,1000.0,1000,0.675,0.45,0.0,200000,0.1,0.012529763,14093.439838647842,373511,26.502472374187924
387,1000.0,1000,0.577,0.45,0.0,200000,0.1,0.012541977,14130.745646715164,374511,26.503272321521283
388,1000.0,1000,0.377,0.55,0.0,200000,0.1,0.01254309,14168.607046842575,375511,26.503028755019702
389,1000.0,1000,0.375,0.35,0.0,200000,0.1,0.012582554,14206.030486822128,376511,26.50360354615761
390,1000.0,1000,0.313,0.3,0.0,200000,0.1,0.012630731,14244.339333057404,377511,26.50252785670589
391,1000.0,1000,0.268,0.3,0.0,200000,0.1,0.012667129,14282.21724319458,378511,26.502257565625655
392,1000.0,1000,0.712,0.85,0.0,200000,0.1,0.012657695,14319.903024673462,379511,26.502344277992535
393,1000.0,1000,0.312,0.3,0.0,200000,0.1,0.012672297,14357.931747674942,380511,26.501797519873477
394,1000.0,1000,0.347,0.25,0.0,200000,0.1,0.012722985,14395.13357925415,381511,26.502775947203876
395,1000.0,1000,0.898,0.8,0.0,200000,0.1,0.012747734,14432.936406850815,382511,26.50264569902753
396,1000.0,1000,0.792,0.85,0.0,200000,0.1,0.012874587,14470.362802267075,383511,26.50320556767779
397,1000.0,1000,0.745,0.65,0.0,200000,0.1,0.012885692,14507.835394620895,384511,26.503678151987383
398,1000.0,1000,0.611,0.6,0.0,200000,0.1,0.012965898,14546.175868988037,385511,26.502566960520475
399,1000.0,1000,0.76,0.9,0.0,200000,0.1,0.012990538,14583.747683048248,386511,26.50285841343193
400,1000.0,1000,0.861,0.75,0.0,200000,0.1,0.012993869,14620.717576026917,387511,26.504239478830378
401,1000.0,1000,0.685,0.8,0.0,200000,0.1,0.012982333,14658.3178191185,388511,26.504473758531606
402,1000.0,1000,0.834,0.75,0.0,200000,0.1,0.013065252,14695.89325261116,389511,26.50475158549164
403,1000.0,1000,0.869,0.95,0.0,200000,0.1,0.0131324,14733.632048130035,390511,26.504734115232942
404,1000.0,1000,0.726,0.8,0.0,200000,0.1,0.013133582,14771.088770389557,391511,26.505222876046442
405,1000.0,1000,0.735,0.85,0.0,200000,0.1,0.013375719,14807.892819166183,392511,26.50687743223836
406,1000.0,1000,0.841,0.9,0.0,200000,0.1,0.01373897,14845.99810743332,393511,26.506200333565435
407,1000.0,1000,0.815,0.85,0.0,200000,0.1,0.013873967,14883.55066037178,394511,26.506511045878785
408,1000.0,1000,0.791,0.85,0.0,200000,0.1,0.013880322,14921.132127285004,395511,26.50676883050471
409,1000.0,1000,0.795,0.9,0.0,200000,0.1,0.01386183,14958.662024259567,396511,26.507116701880786
410,1000.0,1000,0.782,0.75,0.0,200000,0.1,0.013841765,14995.584671497345,397511,26.508536258871146
411,1000.0,1000,0.78,0.6,0.0,200000,0.1,0.013824402,15033.353888750076,398511,26.508455993015495
412,1000.0,1000,0.354,0.55,0.0,200000,0.1,0.013812996,15071.400187969208,399511,26.507888783038947
413,1000.0,1000,0.65,0.7,0.0,200000,0.1,0.013800056,15109.59390425682,400511,26.50706580990273
414,1000.0,1000,0.705,0.9,0.0,200000,0.1,0.013783804,15147.213161706924,401511,26.50725223847807
415,1000.0,1000,0.593,0.6,0.0,200000,0.1,0.013764743,15184.287296295166,402511,26.508389371640042
416,1000.0,1000,0.66,0.7,0.0,200000,0.1,0.013751529,15222.0609664917,403511,26.50830271115114
417,1000.0,1000,0.555,0.6,0.0,200000,0.1,0.0137303695,15259.774679422379,404511,26.508320632862162
418,1000.0,1000,0.462,0.5,0.0,200000,0.1,0.013713925,15297.397696018219,405511,26.508495630790247
419,1000.0,1000,0.242,0.25,0.0,200000,0.1,0.01370007,15335.040225744247,406511,26.508636038154926
420,1000.0,1000,0.235,0.3,0.0,200000,0.1,0.013682044,15372.973897218704,407511,26.508273721917085
421,1000.0,1000,0.608,0.5,0.0,200000,0.1,0.013668132,15410.437925100327,408511,26.50872103482938
422,1000.0,1000,0.793,0.65,0.0,200000,0.1,0.013644536,15448.412781953812,409511,26.508289606666484
423,1000.0,1000,0.677,0.65,0.0,200000,0.1,0.0136278095,15486.22285580635,410511,26.508142353992042
424,1000.0,1000,0.565,0.75,0.0,200000,0.1,0.013605962,15523.969642877579,411511,26.508103883715194
425,1000.0,1000,0.725,0.7,0.0,200000,0.1,0.013594909,15561.438344478607,412511,26.50853930438402
426,1000.0,1000,0.743,0.55,0.0,200000,0.1,0.013576756,15598.829379558563,413511,26.50910462096878
427,1000.0,1000,0.693,0.65,0.0,200000,0.1,0.013561087,15636.261636018753,414511,26.509597346861746
428,1000.0,1000,0.669,0.5,0.0,200000,0.1,0.013541947,15673.768686056137,415511,26.509961216327625
429,1000.0,1000,0.75,0.9,0.0,200000,0.1,0.013525199,15712.077756166458,416511,26.50897013438551
430,1000.0,1000,0.748,0.8,0.0,200000,0.1,0.013508039,15750.021864891052,417511,26.50859811894792
431,1000.0,1000,0.776,0.8,0.0,200000,0.1,0.0134850815,15787.086789131165,418511,26.50970413841576
432,1000.0,1000,0.824,0.75,0.0,200000,0.1,0.013466299,15824.715351104736,419511,26.50986072566242
433,1000.0,1000,0.804,0.6,0.0,200000,0.1,0.013448502,15862.573307037354,420511,26.5096332002123
434,1000.0,1000,0.763,0.85,0.0,200000,0.1,0.013432226,15900.05053639412,421511,26.51004152533405
435,1000.0,1000,0.829,0.8,0.0,200000,0.1,0.013436421,15936.40479516983,422511,26.512316009260502
436,1000.0,1000,0.669,0.6,0.0,200000,0.1,0.0134451585,15973.419800281525,423511,26.513483353988597
437,1000.0,1000,0.842,0.85,0.0,200000,0.1,0.0134301735,16011.593650817871,424511,26.512726293135263
438,1000.0,1000,0.793,0.9,0.0,200000,0.1,0.013414184,16049.249386548996,425511,26.51282871484207
439,1000.0,1000,0.304,0.3,0.0,200000,0.1,0.013409299,16087.381139755249,426511,26.512146152057035
440,1000.0,1000,0.333,0.0,0.0,200000,0.1,0.013395546,16125.400589227676,427511,26.51165145420508
441,1000.0,1000,0.326,0.25,0.0,200000,0.1,0.013377259,16162.857468366623,428511,26.512081841099246
442,1000.0,1000,0.317,0.3,0.0,200000,0.1,0.013359858,16200.686378002167,429511,26.511901407496076
443,1000.0,1000,0.331,0.2,0.0,200000,0.1,0.01334875,16238.891223669052,430511,26.51110805889664
444,1000.0,1000,0.296,0.3,0.0,200000,0.1,0.013334683,16277.078454732895,431511,26.51034712247437
445,1000.0,1000,0.361,0.15,0.0,200000,0.1,0.0133364005,16315.23237490654,432511,26.50964387404359
446,1000.0,1000,0.848,0.8,0.0,200000,0.1,0.013376166,16352.018689632416,433511,26.511160989309193
447,1000.0,1000,0.751,0.7,0.0,200000,0.1,0.013372756,16389.57523536682,434511,26.51142532661454
448,1000.0,1000,0.82,0.85,0.0,200000,0.1,0.013355867,16427.221964597702,435511,26.511542908448366
449,1000.0,1000,0.803,0.8,0.0,200000,0.1,0.013338893,16464.78152680397,436511,26.51180030967406
450,1000.0,1000,0.715,0.7,0.0,200000,0.1,0.013323263,16502.343602657318,437511,26.512052501252434
451,1000.0,1000,0.8,0.75,0.0,200000,0.1,0.013307301,16540.171068429947,438511,26.51187815209594
452,1000.0,1000,0.388,0.7,0.0,200000,0.1,0.013293595,16577.593096494675,439511,26.51235299533877
453,1000.0,1000,0.329,0.3,0.0,200000,0.1,0.013292043,16615.718958854675,440511,26.51170262798684
454,1000.0,1000,0.326,0.35,0.0,200000,0.1,0.013277138,16653.753891706467,441511,26.511199988804325
455,1000.0,1000,0.234,0.1,0.0,200000,0.1,0.013258368,16691.766172885895,442511,26.510735616453395
456,1000.0,1000,0.632,0.8,0.0,200000,0.1,0.013248546,16729.390834093094,443511,26.510887597724107
457,1000.0,1000,0.732,0.8,0.0,200000,0.1,0.013237233,16767.015212535858,444511,26.51103934400317
458,1000.0,1000,0.678,0.65,0.0,200000,0.1,0.013225081,16804.534146547318,445511,26.511356762161295
459,1000.0,1000,0.557,0.65,0.0,200000,0.1,0.013219094,16842.306777000427,446511,26.51127341955234
460,1000.0,1000,0.669,0.75,0.0,200000,0.1,0.013213148,16880.42665195465,447511,26.51064509256459
461,1000.0,1000,0.553,0.5,0.0,200000,0.1,0.013203616,16918.27278137207,448511,26.51044854183895
462,1000.0,1000,0.754,0.85,0.0,200000,0.1,0.013196372,16956.005641222,449511,26.51042996202749
463,1000.0,1000,0.56,0.65,0.0,200000,0.1,0.01318221,16994.041785001755,450511,26.509938346664605
464,1000.0,1000,0.434,0.45,0.0,200000,0.1,0.013185828,17031.906418561935,451511,26.509715875902604
465,1000.0,1000,0.731,0.65,0.0,200000,0.1,0.013174223,17069.113314390182,452511,26.51051590394374
466,1000.0,1000,0.744,0.7,0.0,200000,0.1,0.013164514,17106.58392930031,453511,26.510903746496123
467,1000.0,1000,0.545,0.5,0.0,200000,0.1,0.013155578,17144.325874567032,454511,26.510870320168653
468,1000.0,1000,0.387,0.45,0.0,200000,0.1,0.01314281,17182.397285223007,455511,26.51032870594267
469,1000.0,1000,0.501,0.6,0.0,200000,0.1,0.013137123,17220.22915148735,456511,26.510158254288303
470,1000.0,1000,0.487,0.45,0.0,200000,0.1,0.01313396,17257.884966135025,457511,26.510258985103224
471,1000.0,1000,0.529,0.45,0.0,200000,0.1,0.013164318,17295.788501739502,458511,26.50997957920478
472,1000.0,1000,0.575,0.5,0.0,200000,0.1,0.013159068,17333.603452920914,459511,26.509836874682062
473,1000.0,1000,0.883,0.9,0.0,200000,0.1,0.013141551,17371.320304632187,460511,26.509844496865338
474,1000.0,1000,0.813,0.7,0.0,200000,0.1,0.013128901,17408.837737321854,461511,26.510155758299177
475,1000.0,1000,0.852,0.8,0.0,200000,0.1,0.013124326,17446.475518226624,462511,26.510282807789228
476,1000.0,1000,0.671,0.8,0.0,200000,0.1,0.013125972,17484.469748973846,463511,26.50986885173125
477,1000.0,1000,0.53,0.65,0.0,200000,0.1,0.013131837,17522.175319433212,464511,26.50989340759459
478,1000.0,1000,0.75,0.75,0.0,200000,0.1,0.013121789,17559.8406124115,465511,26.509978664877572
479,1000.0,1000,0.768,0.75,0.0,200000,0.1,0.013119733,17597.503249406815,466511,26.510067557269178
480,1000.0,1000,0.88,0.8,0.0,200000,0.1,0.013110113,17635.107423067093,467511,26.510243956298453
481,1000.0,1000,0.903,0.9,0.0,200000,0.1,0.013099048,17672.638189792633,468511,26.51052972111662
482,1000.0,1000,0.691,0.7,0.0,200000,0.1,0.013086432,17710.269690990448,469511,26.510663483922436
483,1000.0,1000,0.916,0.85,0.0,200000,0.1,0.013099551,17748.25350379944,470511,26.51027042634444
484,1000.0,1000,0.657,0.75,0.0,200000,0.1,0.013086253,17786.350333690643,471511,26.50971060026348
485,1000.0,1000,0.626,0.6,0.0,200000,0.1,0.013075045,17823.99728703499,472511,26.50982225693331
486,1000.0,1000,0.63,0.5,0.0,200000,0.1,0.013060556,17861.814348220825,473511,26.50968097360189
487,1000.0,1000,0.711,0.75,0.0,200000,0.1,0.013055957,17899.402353286743,474511,26.509879526800397
488,1000.0,1000,0.598,0.6,0.0,200000,0.1,0.013045985,17936.609140872955,475511,26.5106406820111
489,1000.0,1000,0.923,0.9,0.0,200000,0.1,0.013035784,17974.16477560997,476511,26.51088414565105
490,1000.0,1000,0.808,0.75,0.0,200000,0.1,0.013016743,18011.560081720352,477511,26.511362581282228
491,1000.0,1000,0.763,0.75,0.0,200000,0.1,0.013012414,18049.04799771309,478511,26.511703002174304
492,1000.0,1000,0.785,0.85,0.0,200000,0.1,0.01299555,18086.918932676315,479511,26.51148057732823
493,1000.0,1000,0.817,0.6,0.0,200000,0.1,0.012981527,18124.73958516121,480511,26.51133263071843
494,1000.0,1000,0.848,0.85,0.0,200000,0.1,0.012970044,18163.032659053802,481511,26.51049574297484
495,1000.0,1000,0.773,0.8,0.0,200000,0.1,0.012955015,18200.821109056473,482511,26.51039736593357
496,1000.0,1000,0.895,0.7,0.0,200000,0.1,0.012940315,18238.562123775482,483511,26.510368345159296
497,1000.0,1000,0.901,0.9,0.0,200000,0.1,0.012932411,18276.170145511627,484511,26.51053235605535
498,1000.0,1000,0.278,0.3,0.0,200000,0.1,0.012916873,18313.897940158844,485511,26.510522313024705
499,1000.0,1000,0.581,0.6,0.0,200000,0.1,0.012907023,18351.641885519028,486511,26.510488980893665
500,1000.0,1000,0.758,0.85,0.0,200000,0.1,0.012888215,18389.71351504326,487511,26.50998339783388
501,1000.0,1000,0.815,0.7,0.0,200000,0.1,0.012880994,18427.34851384163,488511,26.510108039711515
502,1000.0,1000,0.844,0.9,0.0,200000,0.1,0.012875045,18465.116020441055,489511,26.510041932336943
503,1000.0,1000,0.77,0.75,0.0,200000,0.1,0.012870508,18503.039330482483,490511,26.509752868904908
504,1000.0,1000,0.622,0.55,0.0,200000,0.1,0.012859118,18540.776062488556,491511,26.5097317572255
505,1000.0,1000,0.622,0.6,0.0,200000,0.1,0.012845961,18578.389366865158,492511,26.509886850889238
506,1000.0,1000,0.743,0.7,0.0,200000,0.1,0.012827744,18615.90144777298,493511,26.510185465469235
507,1000.0,1000,0.75,0.7,0.0,200000,0.1,0.012812783,18653.540459632874,494511,26.51030248426585
508,1000.0,1000,0.626,0.75,0.0,200000,0.1,0.012801076,18691.48934674263,495511,26.509979530731798
509,1000.0,1000,0.685,0.65,0.0,200000,0.1,0.012786968,18729.32000684738,496511,26.509825225539174
510,1000.0,1000,0.676,0.7,0.0,200000,0.1,0.012779763,18767.049761533737,497511,26.50981407888056
511,1000.0,1000,0.724,0.85,0.0,200000,0.1,0.012766136,18804.863545894623,498511,26.509684516688292
512,1000.0,1000,0.841,0.85,0.0,200000,0.1,0.012754024,18842.33964562416,499511,26.510030568154107
513,1000.0,1000,0.611,0.55,0.0,200000,0.1,0.012738537,18880.250042915344,500511,26.509765434762965
514,1000.0,1000,0.811,0.8,0.0,200000,0.1,0.012723132,18917.822887659073,501511,26.50997437491585
515,1000.0,1000,0.655,0.55,0.0,200000,0.1,0.012710485,18955.45726418495,502511,26.51009643206125
516,1000.0,1000,0.819,0.95,0.0,200000,0.1,0.012695255,18993.347862958908,503511,26.50986037888941
517,1000.0,1000,0.741,0.75,0.0,200000,0.1,0.012678058,19031.03107881546,504511,26.509914144517317
518,1000.0,1000,0.748,0.9,0.0,200000,0.1,0.012660342,19068.62691116333,505511,26.51008918102945
519,1000.0,1000,0.839,0.9,0.0,200000,0.1,0.012646737,19106.19331264496,506511,26.510304365660176
520,1000.0,1000,0.882,1.0,0.0,200000,0.1,0.012632714,19143.78956437111,507511,26.510477368174676
521,1000.0,1000,0.912,0.9,0.0,200000,0.1,0.0126259485,19181.45875763893,508511,26.510548879840847
522,1000.0,1000,0.862,0.95,0.0,200000,0.1,0.01261122,19218.99651670456,509511,26.510801411415354
523,1000.0,1000,0.832,0.9,0.0,200000,0.1,0.012598607,19256.717028856277,510511,26.510801359460995
524,1000.0,1000,0.736,0.8,0.0,200000,0.1,0.012590022,19294.56346154213,511511,26.510628291776616
525,1000.0,1000,0.741,0.8,0.0,200000,0.1,0.012580171,19332.297123908997,512511,26.510610544750868
526,1000.0,1000,0.738,0.75,0.0,200000,0.1,0.012570704,19369.748365163803,513511,26.51097940492094
527,1000.0,1000,0.82,0.75,0.0,200000,0.1,0.01255913,19407.38050174713,514511,26.511099730059883
528,1000.0,1000,0.812,0.9,0.0,200000,0.1,0.012547376,19444.87420153618,515511,26.51140833539731
529,1000.0,1000,0.868,0.95,0.0,200000,0.1,0.012537307,19482.56986927986,516511,26.511440915988842
530,1000.0,1000,0.307,0.3,0.0,200000,0.1,0.0125257075,19520.14573955536,517511,26.51163607547668
531,1000.0,1000,0.274,0.25,0.0,200000,0.1,0.012512777,19558.25197982788,518511,26.51111155106413
532,1000.0,1000,0.661,0.7,0.0,200000,0.1,0.01250152,19596.37878394127,519511,26.510561247185297
533,1000.0,1000,0.725,0.85,0.0,200000,0.1,0.012495958,19634.635521411896,520511,26.509837649888293
534,1000.0,1000,0.82,0.85,0.0,200000,0.1,0.012484251,19672.217462301254,521511,26.510026182190888
535,1000.0,1000,0.641,0.65,0.0,200000,0.1,0.012474565,19709.773725271225,522511,26.510248533062178
536,1000.0,1000,0.891,1.0,0.0,200000,0.1,0.012470326,19747.330944776535,523511,26.510468754048777
537,1000.0,1000,0.856,0.85,0.0,200000,0.1,0.012458552,19784.847319364548,524511,26.510742868744277
538,1000.0,1000,0.801,0.6,0.0,200000,0.1,0.012458759,19822.21536922455,525511,26.511214321529987
539,1000.0,1000,0.675,0.6,0.0,200000,0.1,0.012446988,19860.266315460205,526511,26.510772394703324
540,1000.0,1000,0.782,0.75,0.0,200000,0.1,0.012442805,19898.071444511414,527511,26.510659661585684
541,1000.0,1000,0.597,0.6,0.0,200000,0.1,0.012447167,19935.83269906044,528511,26.51060569975321
542,1000.0,1000,0.787,0.6,0.0,200000,0.1,0.012443423,19973.530950069427,529511,26.510635565876125
543,1000.0,1000,0.78,0.7,0.0,200000,0.1,0.012437611,20011.213579177856,530511,26.510686015217356
544,1000.0,1000,0.61,0.55,0.0,200000,0.1,0.012425585,20048.781463861465,531511,26.510888003114967
545,1000.0,1000,0.88,0.8,0.0,200000,0.1,0.012419685,20086.382918596268,532511,26.511044927573895
546,1000.0,1000,0.733,0.65,0.0,200000,0.1,0.012408832,20123.956127882004,533511,26.511238476025696
547,1000.0,1000,0.915,0.85,0.0,200000,0.1,0.0123974215,20162.160927772522,534511,26.51060081783059
548,1000.0,1000,0.758,0.75,0.0,200000,0.1,0.012403501,20199.66401553154,535511,26.51088649608045
549,1000.0,1000,0.88,0.95,0.0,200000,0.1,0.0123912105,20237.28548502922,536511,26.511016034138
550,1000.0,1000,0.888,0.85,0.0,200000,0.1,0.012380457,20274.80352330208,537511,26.511280337172714
551,1000.0,1000,0.877,0.9,0.0,200000,0.1,0.0123795755,20312.59963297844,538511,26.511180731050352
552,1000.0,1000,0.476,0.7,0.0,200000,0.1,0.012369373,20350.291055202484,539511,26.511217875158316
553,1000.0,1000,0.434,0.5,0.0,200000,0.1,0.012359983,20388.157408475876,540511,26.51102741419554
554,1000.0,1000,0.866,0.8,0.0,200000,0.1,0.012355232,20425.984013319016,541511,26.51088924941191
555,1000.0,1000,0.899,0.85,0.0,200000,0.1,0.012348197,20464.101356506348,542511,26.510374949638894
556,1000.0,1000,0.843,0.65,0.0,200000,0.1,0.012343815,20502.149614334106,543511,26.509951893095256
557,1000.0,1000,0.832,0.75,0.0,200000,0.1,0.012331765,20539.838468790054,544511,26.509994263509622
558,1000.0,1000,0.354,0.45,0.0,200000,0.1,0.012322653,20577.77959537506,545511,26.5097114801115
559,1000.0,1000,0.515,0.5,0.0,200000,0.1,0.01231346,20615.658782720566,546511,26.50950938543029
560,1000.0,1000,0.837,0.95,0.0,200000,0.1,0.01230303,20653.251034498215,547511,26.509676325185932
561,1000.0,1000,0.86,0.85,0.0,200000,0.1,0.012295404,20690.729461193085,548511,26.50998849586864
562,1000.0,1000,0.325,0.3,0.0,200000,0.1,0.012284126,20728.70685362816,549511,26.509661401824395
563,1000.0,1000,0.331,0.35,0.0,200000,0.1,0.012273873,20767.016366004944,550511,26.508911548902677
564,1000.0,1000,0.274,0.45,0.0,200000,0.1,0.012260181,20804.83503293991,551511,26.508789861306877
565,1000.0,1000,0.344,0.35,0.0,200000,0.1,0.012266059,20842.70308327675,552511,26.508605807020768
566,1000.0,1000,0.497,0.5,0.0,200000,0.1,0.012285947,20880.421219348907,553511,26.508612741703075
567,1000.0,1000,0.794,0.75,0.0,200000,0.1,0.012283217,20918.17518210411,554511,26.50857424990657
568,1000.0,1000,0.859,0.8,0.0,200000,0.1,0.0122712515,20955.72232580185,555511,26.508797518441234
569,1000.0,1000,0.757,0.6,0.0,200000,0.1,0.012261929,20993.166698217392,556511,26.509149762270734
570,1000.0,1000,0.852,0.75,0.0,200000,0.1,0.012249797,21031.124222755432,557511,26.508853928874565
571,1000.0,1000,0.661,0.75,0.0,200000,0.1,0.012239512,21068.735661506653,558511,26.508994605109574
572,1000.0,1000,0.702,0.65,0.0,200000,0.1,0.012224279,21106.47122693062,559511,26.50897887976348
573,1000.0,1000,0.815,0.7,0.0,200000,0.1,0.012222218,21144.413334846497,560511,26.50870426674947
574,1000.0,1000,0.592,0.65,0.0,200000,0.1,0.012218893,21181.841377973557,561511,26.50907397337702
575,1000.0,1000,0.57,0.55,0.0,200000,0.1,0.01220771,21219.383552074432,562511,26.509299791889916
576,1000.0,1000,0.57,0.65,0.0,200000,0.1,0.012201097,21256.972269058228,563511,26.509466769824485
577,1000.0,1000,0.803,0.95,0.0,200000,0.1,0.012196765,21294.183441638947,564511,26.510103171343317
578,1000.0,1000,0.738,0.5,0.0,200000,0.1,0.012188913,21332.57048535347,565511,26.50927605633031
579,1000.0,1000,0.829,0.75,0.0,200000,0.1,0.012179973,21370.536363124847,566511,26.508974335270395
580,1000.0,1000,0.87,0.85,0.0,200000,0.1,0.012169968,21408.262296676636,567511,26.50897079467578
581,1000.0,1000,0.643,0.7,0.0,200000,0.1,0.012160105,21446.553287744522,568511,26.50826882778928
582,1000.0,1000,0.765,0.75,0.0,200000,0.1,0.012152177,21484.324477672577,569511,26.508210699350585
583,1000.0,1000,0.697,0.75,0.0,200000,0.1,0.012140721,21522.22731924057,570511,26.507990624061996
584,1000.0,1000,0.755,0.8,0.0,200000,0.1,0.012131383,21559.725476026535,571511,26.50826888387493
585,1000.0,1000,0.844,0.8,0.0,200000,0.1,0.012120854,21597.059681892395,572511,26.508747413768067
586,1000.0,1000,0.753,0.75,0.0,200000,0.1,0.012119805,21635.517644166946,573511,26.507847393333886
587,1000.0,1000,0.753,0.85,0.0,200000,0.1,0.0121120345,21672.90657877922,574511,26.508258036321063
588,1000.0,1000,0.798,0.85,0.0,200000,0.1,0.012121392,21711.140335083008,575511,26.50763576233684
589,1000.0,1000,0.766,0.85,0.0,200000,0.1,0.012111925,21748.823663711548,576511,26.50768652572981
590,1000.0,1000,0.623,0.65,0.0,200000,0.1,0.012101863,21786.844911813736,577511,26.50732597239033
591,1000.0,1000,0.581,0.8,0.0,200000,0.1,0.012090791,21824.709025144577,578511,26.5071575210707
592,1000.0,1000,0.553,0.7,0.0,200000,0.1,0.012080809,21862.48208618164,579511,26.50710004914425
593,1000.0,1000,0.598,0.7,0.0,200000,0.1,0.012072541,21900.834767580032,580511,26.506341248996385
594,1000.0,1000,0.58,0.75,0.0,200000,0.1,0.012062017,21938.764599084854,581511,26.506095972770403
595,1000.0,1000,0.723,0.7,0.0,200000,0.1,0.01205186,21976.56846499443,582511,26.50600346979642
596,1000.0,1000,0.75,0.65,0.0,200000,0.1,0.012044962,22014.380220651627,583511,26.505901785050984
597,1000.0,1000,0.742,0.75,0.0,200000,0.1,0.01203787,22051.8005092144,584511,26.506270984227406
598,1000.0,1000,0.856,0.85,0.0,200000,0.1,0.012028727,22089.239115953445,585511,26.50661695079253
599,1000.0,1000,0.818,0.85,0.0,200000,0.1,0.012018835,22126.732311725616,586511,26.506896351352843
600,1000.0,1000,0.733,0.75,0.0,200000,0.1,0.012013463,22164.72907757759,587511,26.50657257894038
601,1000.0,1000,0.736,0.85,0.0,200000,0.1,0.012009005,22202.794231653214,588511,26.50616827057001
602,1000.0,1000,0.727,0.6,0.0,200000,0.1,0.012000168,22240.61408019066,589511,26.506057694967556
603,1000.0,1000,0.819,1.0,0.0,200000,0.1,0.011990725,22278.580387592316,590511,26.505773245598554
604,1000.0,1000,0.811,0.9,0.0,200000,0.1,0.011985274,22316.15101957321,591511,26.505959717795182
605,1000.0,1000,0.777,0.8,0.0,200000,0.1,0.01197501,22353.723280906677,592511,26.506143631716657
606,1000.0,1000,0.565,0.5,0.0,200000,0.1,0.0119664185,22391.3675904274,593511,26.5062416393492
607,1000.0,1000,0.549,0.6,0.0,200000,0.1,0.011963491,22428.940259456635,594511,26.506423982145087
608,1000.0,1000,0.622,0.6,0.0,200000,0.1,0.0119548645,22466.43186354637,595511,26.506701358302728
609,1000.0,1000,0.582,0.35,0.0,200000,0.1,0.011945864,22504.403554677963,596511,26.50641233561441
610,1000.0,1000,0.594,0.65,0.0,200000,0.1,0.011938722,22542.13797545433,597511,26.506403280174176
611,1000.0,1000,0.664,0.75,0.0,200000,0.1,0.011935927,22579.95643734932,598511,26.50629560105655
612,1000.0,1000,0.536,0.6,0.0,200000,0.1,0.011934625,22617.48345732689,599511,26.506529831762986
613,1000.0,1000,0.72,0.8,0.0,200000,0.1,0.011933137,22655.456344604492,600511,26.50624162467491
614,1000.0,1000,0.579,0.65,0.0,200000,0.1,0.011925842,22693.020607471466,601511,26.506431663971576
615,1000.0,1000,0.658,0.65,0.0,200000,0.1,0.011917683,22730.554087638855,602511,26.506656972124286
616,1000.0,1000,0.694,0.75,0.0,200000,0.1,0.011906188,22768.03347635269,603511,26.506944511223526
617,1000.0,1000,0.823,0.85,0.0,200000,0.1,0.011897548,22806.082065343857,604511,26.506569530122704
618,1000.0,1000,0.791,0.85,0.0,200000,0.1,0.011885313,22843.8109459877,605511,26.50656676414637
619,1000.0,1000,0.766,0.8,0.0,200000,0.1,0.01187898,22881.535625219345,606511,26.506568873763978
620,1000.0,1000,0.745,0.75,0.0,200000,0.1,0.011871222,22919.018663406372,607511,26.50685044195816
621,1000.0,1000,0.306,0.35,0.0,200000,0.1,0.0118619315,22956.850932359695,608511,26.506727851319145
622,1000.0,1000,0.319,0.45,0.0,200000,0.1,0.011855366,22994.602924585342,609511,26.50669820158905
623,1000.0,1000,0.29,0.2,0.0,200000,0.1,0.011848966,23032.452659368515,610511,26.50655616273302
624,1000.0,1000,0.318,0.25,0.0,200000,0.1,0.011838337,23070.473863840103,611511,26.50621758313787
625,1000.0,1000,0.352,0.15,0.0,200000,0.1,0.011829497,23108.364866256714,612511,26.506029461932346
626,1000.0,1000,0.336,0.4,0.0,200000,0.1,0.011831523,23146.568513154984,613511,26.505483939819502
627,1000.0,1000,0.154,0.1,0.0,200000,0.1,0.011823015,23184.60696220398,614511,26.50512907072998
628,1000.0,1000,0.201,0.2,0.0,200000,0.1,0.011812534,23222.45389342308,615511,26.504993951637584
629,1000.0,1000,0.204,0.25,0.0,200000,0.1,0.011805141,23260.499336719513,616511,26.50463307183283
630,1000.0,1000,0.26,0.25,0.0,200000,0.1,0.011794857,23298.407233953476,617511,26.50442984278878
631,1000.0,1000,0.236,0.1,0.0,200000,0.1,0.01178572,23336.306427955627,618511,26.504237159245527
632,1000.0,1000,0.198,0.3,0.0,200000,0.1,0.01177912,23374.620651721954,619511,26.503574505243844
633,1000.0,1000,0.263,0.3,0.0,200000,0.1,0.011773905,23412.877467155457,620511,26.50297900622598
634,1000.0,1000,0.244,0.35,0.0,200000,0.1,0.01176692,23450.87580513954,621511,26.502677560760105
635,1000.0,1000,0.565,0.55,0.0,200000,0.1,0.011759507,23488.684650182724,622511,26.502590896783992
636,1000.0,1000,0.371,0.3,0.0,200000,0.1,0.011756834,23526.45004415512,623511,26.50255345864502
637,1000.0,1000,0.224,0.25,0.0,200000,0.1,0.011770779,23564.18374300003,624511,26.502551787585723
638,1000.0,1000,0.313,0.4,0.0,200000,0.1,0.011774916,23601.85981440544,625511,26.50261483230998
639,1000.0,1000,0.64,0.5,0.0,200000,0.1,0.011773685,23639.448222637177,626511,26.502775956016528
640,1000.0,1000,0.668,0.4,0.0,200000,0.1,0.011776841,23677.54789543152,627511,26.502364296858612
641,1000.0,1000,0.558,0.35,0.0,200000,0.1,0.011773633,23715.3682615757,628511,26.50226608564598
642,1000.0,1000,0.563,0.6,0.0,200000,0.1,0.011769492,23752.865309000015,629511,26.50252892826874
643,1000.0,1000,0.476,0.7,0.0,200000,0.1,0.011764712,23790.97999024391,630511,26.502102908157614
644,1000.0,1000,0.566,0.55,0.0,200000,0.1,0.011765253,23828.69420146942,631511,26.50212364336859
645,1000.0,1000,0.684,0.8,0.0,200000,0.1,0.011759727,23866.316606521606,632511,26.50224625841616
646,1000.0,1000,0.738,0.9,0.0,200000,0.1,0.011751968,23903.809171438217,633511,26.50251244242368
647,1000.0,1000,0.881,0.8,0.0,200000,0.1,0.011747303,23941.307094335556,634511,26.502771861503167
648,1000.0,1000,0.833,0.8,0.0,200000,0.1,0.01174229,23979.1811542511,635511,26.502614743151785
649,1000.0,1000,0.763,0.8,0.0,200000,0.1,0.011735921,24016.880460739136,636511,26.502650959514895
650,1000.0,1000,0.836,0.9,0.0,200000,0.1,0.011727523,24054.67359805107,637511,26.5025836824913
651,1000.0,1000,0.72,0.8,0.0,200000,0.1,0.011722762,24092.07737994194,638511,26.50294492740423
652,1000.0,1000,0.841,0.8,0.0,200000,0.1,0.011720924,24129.787456035614,639511,26.502968629647036
653,1000.0,1000,0.696,0.65,0.0,200000,0.1,0.011714326,24167.819499492645,640511,26.502639180770533
654,1000.0,1000,0.531,0.65,0.0,200000,0.1,0.011706846,24205.58270597458,641511,26.502605113035376
655,1000.0,1000,0.74,0.8,0.0,200000,0.1,0.011698924,24243.256396770477,642511,26.50266900914159
656,1000.0,1000,0.749,0.7,0.0,200000,0.1,0.0116939815,24281.906302690506,643511,26.501667207078388
657,1000.0,1000,0.805,0.7,0.0,200000,0.1,0.011687969,24319.553079605103,644511,26.501761684162904
658,1000.0,1000,0.79,0.85,0.0,200000,0.1,0.011679859,24357.30715727806,645511,26.50173912136109
659,1000.0,1000,0.73,0.8,0.0,200000,0.1,0.011671536,24395.08995103836,646511,26.501685432803445
660,1000.0,1000,0.894,0.8,0.0,200000,0.1,0.0116695985,24432.638137817383,647511,26.50188638364076
661,1000.0,1000,0.859,0.9,0.0,200000,0.1,0.011668303,24470.226368904114,648511,26.502043348951908
662,1000.0,1000,0.833,0.95,0.0,200000,0.1,0.011665253,24507.594251394272,649511,26.502438114684026
663,1000.0,1000,0.748,0.7,0.0,200000,0.1,0.011674456,24545.407678365707,650511,26.502350602813724
664,1000.0,1000,0.865,0.8,0.0,200000,0.1,0.01167358,24583.141295433044,651511,26.50234940106689
665,1000.0,1000,0.803,0.75,0.0,200000,0.1,0.011671839,24620.71028971672,652511,26.502525406827743
666,1000.0,1000,0.877,0.75,0.0,200000,0.1,0.01167034,24658.599714756012,653511,26.5023564814857
667,1000.0,1000,0.831,0.95,0.0,200000,0.1,0.011668017,24696.07803249359,654511,26.502629248506462
668,1000.0,1000,0.821,1.0,0.0,200000,0.1,0.011662764,24733.64967942238,655511,26.502801183147955
669,1000.0,1000,0.895,0.8,0.0,200000,0.1,0.011662113,24770.948073148727,656511,26.503264955477814
670,1000.0,1000,0.874,0.95,0.0,200000,0.1,0.0116527425,24808.429172992706,657511,26.50353214208467
671,1000.0,1000,0.785,0.75,0.0,200000,0.1,0.011650312,24845.769047260284,658511,26.503949172785827
672,1000.0,1000,0.715,0.65,0.0,200000,0.1,0.011648045,24883.560357809067,659511,26.50388411028783
673,1000.0,1000,0.842,0.9,0.0,200000,0.1,0.011645242,24921.48786520958,660511,26.503674401523877
674,1000.0,1000,0.801,0.65,0.0,200000,0.1,0.01163982,24959.182114601135,661511,26.503713020069625
675,1000.0,1000,0.875,0.85,0.0,200000,0.1,0.0116377175,24996.837588071823,662511,26.50379263614622
676,1000.0,1000,0.69,0.7,0.0,200000,0.1,0.011636924,25034.688470602036,663511,26.503665135139023
677,1000.0,1000,0.827,0.75,0.0,200000,0.1,0.0116309235,25072.221233844757,664511,26.50387429884779
678,1000.0,1000,0.878,0.95,0.0,200000,0.1,0.011623115,25110.615901470184,665511,26.503173104105255
679,1000.0,1000,0.805,0.75,0.0,200000,0.1,0.011616193,25148.554735660553,666511,26.502954423947568
680,1000.0,1000,0.858,0.95,0.0,200000,0.1,0.011610775,25186.602759599686,667511,26.50262150684959
681,1000.0,1000,0.832,0.75,0.0,200000,0.1,0.01161176,25224.181447029114,668511,26.502782712344437
682,1000.0,1000,0.83,0.8,0.0,200000,0.1,0.011602818,25261.822689533234,669511,26.502877809555756
683,1000.0,1000,0.862,0.85,0.0,200000,0.1,0.011598301,25299.761862516403,670511,26.502660524278593
684,1000.0,1000,0.866,0.8,0.0,200000,0.1,0.011591585,25337.324699401855,671511,26.502837531352117
685,1000.0,1000,0.866,0.95,0.0,200000,0.1,0.011586318,25374.69858431816,672511,26.503211368061827
686,1000.0,1000,0.808,0.85,0.0,200000,0.1,0.011581925,25412.222246408463,673511,26.503427895851623
687,1000.0,1000,0.844,0.8,0.0,200000,0.1,0.0115779545,25449.484213352203,674511,26.503916320373843
688,1000.0,1000,0.875,0.9,0.0,200000,0.1,0.011572566,25487.19042825699,675511,26.50394133825125
689,1000.0,1000,0.851,0.9,0.0,200000,0.1,0.011564807,25524.81338763237,676511,26.50405273124681
690,1000.0,1000,0.822,0.9,0.0,200000,0.1,0.011561078,25562.399282217026,677511,26.50420222691562
691,1000.0,1000,0.827,0.85,0.0,200000,0.1,0.011555846,25599.94437789917,678511,26.504393524117607
692,1000.0,1000,0.729,0.7,0.0,200000,0.1,0.011551325,25637.642935991287,679511,26.504425608764297
693,1000.0,1000,0.782,0.8,0.0,200000,0.1,0.011548996,25675.439331293106,680511,26.504356603470388
694,1000.0,1000,0.781,0.8,0.0,200000,0.1,0.011543303,25713.050258398056,681511,26.50447897594166
695,1000.0,1000,0.724,0.55,0.0,200000,0.1,0.011534828,25750.329818487167,682511,26.50494206475601
696,1000.0,1000,0.777,0.7,0.0,200000,0.1,0.011530241,25788.003888130188,683511,26.5049983299394
697,1000.0,1000,0.846,0.95,0.0,200000,0.1,0.011523318,25825.846578121185,684511,26.50488137598002
698,1000.0,1000,0.679,0.55,0.0,200000,0.1,0.011517669,25863.449683904648,685511,26.505010289248805
699,1000.0,1000,0.633,0.7,0.0,200000,0.1,0.0115167005,25901.031822681427,686511,26.505160284239583
700,1000.0,1000,0.685,0.6,0.0,200000,0.1,0.011510685,25938.498468637466,687511,26.505427861163152
701,1000.0,1000,0.554,0.65,0.0,200000,0.1,0.011508481,25976.020658493042,688511,26.505637989714472
702,1000.0,1000,0.544,0.5,0.0,200000,0.1,0.011503699,26013.69474720955,689511,26.505692739449245
703,1000.0,1000,0.803,0.85,0.0,200000,0.1,0.011498115,26051.42374062538,690511,26.505691468622395
704,1000.0,1000,0.867,0.9,0.0,200000,0.1,0.011492356,26089.345241308212,691511,26.50549462209065
705,1000.0,1000,0.83,0.85,0.0,200000,0.1,0.0114822965,26127.10977101326,692511,26.50545759009548
706,1000.0,1000,0.827,0.75,0.0,200000,0.1,0.011478996,26164.777390241623,693511,26.505518836926647
707,1000.0,1000,0.857,0.85,0.0,200000,0.1,0.011476829,26202.36221051216,694511,26.50566366478555
708,1000.0,1000,0.758,0.65,0.0,200000,0.1,0.011474173,26239.805514335632,695511,26.50595102928876
709,1000.0,1000,0.742,0.85,0.0,200000,0.1,0.0114710415,26277.236231803894,696511,26.50625027088499
710,1000.0,1000,0.61,0.65,0.0,200000,0.1,0.01146438,26314.785044431686,697511,26.50642970470768
711,1000.0,1000,0.639,0.65,0.0,200000,0.1,0.011462294,26352.79825282097,698511,26.50614152190035
712,1000.0,1000,0.653,0.6,0.0,200000,0.1,0.011460642,26390.517733335495,699511,26.50614918014457
713,1000.0,1000,0.586,0.55,0.0,200000,0.1,0.011456287,26428.2235455513,700511,26.50617052513315
714,1000.0,1000,0.586,0.55,0.0,200000,0.1,0.011451129,26465.70836830139,701511,26.506413137282866
715,1000.0,1000,0.731,0.75,0.0,200000,0.1,0.011443211,26503.227332353592,702511,26.506620917437335
716,1000.0,1000,0.798,0.9,0.0,200000,0.1,0.011436649,26540.92778468132,703511,26.506646854802398
717,1000.0,1000,0.641,0.55,0.0,200000,0.1,0.011433369,26578.316769361496,704511,26.506983346408717
718,1000.0,1000,0.483,0.5,0.0,200000,0.1,0.011431066,26615.86424803734,705511,26.507161044530267
719,1000.0,1000,0.691,0.75,0.0,200000,0.1,0.011423566,26653.527068138123,706511,26.507223534614692
720,1000.0,1000,0.604,0.6,0.0,200000,0.1,0.011418528,26690.954082012177,707511,26.50752003144664
721,1000.0,1000,0.532,0.55,0.0,200000,0.1,0.011417195,26728.666487932205,708511,26.5075326635142
722,1000.0,1000,0.537,0.55,0.0,200000,0.1,0.011413472,26766.479917287827,709511,26.50744521430717
723,1000.0,1000,0.523,0.6,0.0,200000,0.1,0.011410082,26804.52569293976,710511,26.50712824120246
724,1000.0,1000,0.519,0.55,0.0,200000,0.1,0.011409941,26842.249970912933,711511,26.50712964643632
725,1000.0,1000,0.557,0.65,0.0,200000,0.1,0.011402047,26879.48786187172,712511,26.507610697376784
726,1000.0,1000,0.686,0.45,0.0,200000,0.1,0.011399296,26917.155511140823,713511,26.507667189872382
727,1000.0,1000,0.618,0.6,0.0,200000,0.1,0.011398121,26955.072381973267,714511,26.507478438784812
728,1000.0,1000,0.655,0.65,0.0,200000,0.1,0.011391983,26992.719965457916,715511,26.507554662997517
729,1000.0,1000,0.776,0.7,0.0,200000,0.1,0.011385946,27030.366230249405,716511,26.507631967605388
730,1000.0,1000,0.69,0.7,0.0,200000,0.1,0.01138502,27067.873110294342,717511,26.50784555762378
731,1000.0,1000,0.823,0.75,0.0,200000,0.1,0.011383852,27105.548533201218,718511,26.50789372864474
732,1000.0,1000,0.799,0.85,0.0,200000,0.1,0.011373881,27143.324551582336,719511,26.5078435257149
733,1000.0,1000,0.654,0.65,0.0,200000,0.1,0.011366376,27181.16190624237,720511,26.507733645554314
734,1000.0,1000,0.606,0.5,0.0,200000,0.1,0.011365127,27219.031084775925,721511,26.5075930783074
735,1000.0,1000,0.61,0.7,0.0,200000,0.1,0.011359871,27256.994799137115,722511,26.507360965703867
736,1000.0,1000,0.705,0.75,0.0,200000,0.1,0.011355746,27294.485203504562,723511,26.507589155572816
737,1000.0,1000,0.792,0.85,0.0,200000,0.1,0.011351732,27332.256966114044,724511,26.507543847754455
738,1000.0,1000,0.846,0.9,0.0,200000,0.1,0.011345775,27369.80423092842,725511,26.507716089587458
739,1000.0,1000,0.778,0.75,0.0,200000,0.1,0.011339229,27407.43270587921,726511,26.507809315226925
740,1000.0,1000,0.915,0.85,0.0,200000,0.1,0.0113359485,27445.00584936142,727511,26.507955727190616
741,1000.0,1000,0.872,0.7,0.0,200000,0.1,0.011334536,27482.644110441208,728511,26.50803893030744
742,1000.0,1000,0.82,0.8,0.0,200000,0.1,0.0113279065,27520.71887421608,729511,26.507701463817234
743,1000.0,1000,0.765,0.9,0.0,200000,0.1,0.011331379,27558.772783517838,730511,26.507384988417897
744,1000.0,1000,0.831,0.75,0.0,200000,0.1,0.011327257,27596.357286930084,731511,26.50752026346214
745,1000.0,1000,0.868,0.9,0.0,200000,0.1,0.011320385,27633.922046661377,732511,26.507674109758128
746,1000.0,1000,0.634,0.7,0.0,200000,0.1,0.011318967,27671.51032757759,733511,26.507805006087388
747,1000.0,1000,0.702,0.75,0.0,200000,0.1,0.011311871,27709.19988155365,734511,26.507838664671546
748,1000.0,1000,0.668,0.65,0.0,200000,0.1,0.011319504,27746.90352511406,735511,26.507858771171353
749,1000.0,1000,0.611,0.65,0.0,200000,0.1,0.011317292,27784.33864426613,736511,26.508135011496996
750,1000.0,1000,0.595,0.6,0.0,200000,0.1,0.011312615,27822.451521396637,737511,26.507764760419587
751,1000.0,1000,0.549,0.75,0.0,200000,0.1,0.011314993,27860.2283949852,738511,26.507715210270533
752,1000.0,1000,0.499,0.25,0.0,200000,0.1,0.011310497,27897.953593730927,739511,26.507714893500257
753,1000.0,1000,0.751,0.75,0.0,200000,0.1,0.011306601,27935.871507406235,740511,26.507531715214235
754,1000.0,1000,0.523,0.55,0.0,200000,0.1,0.011300324,27973.519572496414,741511,26.50760473903378
755,1000.0,1000,0.591,0.75,0.0,200000,0.1,0.011300109,28011.09132003784,742511,26.507749787309503
756,1000.0,1000,0.474,0.55,0.0,200000,0.1,0.011295286,28048.62402653694,743511,26.507931343712283
757,1000.0,1000,0.555,0.65,0.0,200000,0.1,0.011291519,28085.959932088852,744511,26.508298159469312
758,1000.0,1000,0.574,0.7,0.0,200000,0.1,0.011285866,28123.86297607422,745511,26.508129435191304
759,1000.0,1000,0.674,0.75,0.0,200000,0.1,0.011281089,28161.418371915817,746511,26.50828840089615
760,1000.0,1000,0.598,0.65,0.0,200000,0.1,0.011277356,28199.285937070847,747511,26.50815349164711
761,1000.0,1000,0.649,0.7,0.0,200000,0.1,0.011268762,28236.954792022705,748511,26.508205488179048
762,1000.0,1000,0.527,0.45,0.0,200000,0.1,0.011268579,28274.850903987885,749511,26.508044287346852
763,1000.0,1000,0.622,0.55,0.0,200000,0.1,0.011262316,28312.49827837944,750511,26.508116401517285
764,1000.0,1000,0.783,0.8,0.0,200000,0.1,0.011256711,28350.144211530685,751511,26.508189671761254
765,1000.0,1000,0.82,0.85,0.0,200000,0.1,0.011254188,28387.395886659622,752511,26.508630907376563
766,1000.0,1000,0.821,0.85,0.0,200000,0.1,0.011248156,28425.213205575943,753511,26.508543472931617
767,1000.0,1000,0.582,0.35,0.0,200000,0.1,0.011242416,28462.792063951492,754511,26.508678357325234
768,1000.0,1000,0.628,0.55,0.0,200000,0.1,0.011236677,28500.31538963318,755511,26.5088645391683
769,1000.0,1000,0.846,0.85,0.0,200000,0.1,0.011231169,28538.94584798813,756511,26.50802184532582
770,1000.0,1000,0.82,0.75,0.0,200000,0.1,0.011225885,28576.785706996918,757511,26.507914772300172
771,1000.0,1000,0.629,0.4,0.0,200000,0.1,0.011229373,28614.626598358154,758511,26.50780702567553
772,1000.0,1000,0.869,0.8,0.0,200000,0.1,0.011223035,28652.290152072906,759511,26.507863628000145
773,1000.0,1000,0.741,0.85,0.0,200000,0.1,0.011217845,28690.314138412476,760511,26.50758706643571
774,1000.0,1000,0.85,0.85,0.0,200000,0.1,0.011213056,28727.91388964653,761511,26.507702679441923
775,1000.0,1000,0.822,0.8,0.0,200000,0.1,0.011208933,28765.358204841614,762511,26.507961227000425
776,1000.0,1000,0.845,0.85,0.0,200000,0.1,0.011206322,28802.874032974243,763511,26.508153287525182
777,1000.0,1000,0.871,0.8,0.0,200000,0.1,0.011203808,28840.371703624725,764511,26.50836153699622
778,1000.0,1000,0.833,0.75,0.0,200000,0.1,0.011200141,28877.85045671463,765511,26.508586611555238
779,1000.0,1000,0.864,0.85,0.0,200000,0.1,0.011195492,28915.53381729126,766511,26.508623525013128
780,1000.0,1000,0.833,0.85,0.0,200000,0.1,0.011187959,28952.980410814285,767511,26.508877120230586
781,1000.0,1000,0.708,0.75,0.0,200000,0.1,0.011187159,28990.7543926239,768511,26.50883069751684
782,1000.0,1000,0.893,0.8,0.0,200000,0.1,0.011184771,29028.34756922722,769511,26.508949506887998
783,1000.0,1000,0.803,0.9,0.0,200000,0.1,0.011183512,29066.221090078354,770511,26.508812328905414
784,1000.0,1000,0.894,0.95,0.0,200000,0.1,0.011175992,29104.012286424637,771511,26.508750490983868
785,1000.0,1000,0.658,0.55,0.0,200000,0.1,0.011177256,29141.763121843338,772511,26.508725527168952
786,1000.0,1000,0.839,0.75,0.0,200000,0.1,0.011173013,29179.430043697357,773511,26.50877686195365
787,1000.0,1000,0.866,0.95,0.0,200000,0.1,0.0111697465,29217.23488664627,774511,26.508702927988224
788,1000.0,1000,0.827,0.85,0.0,200000,0.1,0.011166739,29254.825282096863,775511,26.50882350186622
789,1000.0,1000,0.831,0.8,0.0,200000,0.1,0.011165295,29292.837413072586,776511,26.50856211152916
790,1000.0,1000,0.822,0.8,0.0,200000,0.1,0.011166276,29330.443256616592,777511,26.50866859319088
791,1000.0,1000,0.886,0.85,0.0,200000,0.1,0.011170028,29368.24356198311,778511,26.50859927451753
792,1000.0,1000,0.839,0.8,0.0,200000,0.1,0.011164932,29405.717861652374,779511,26.508824020160713
793,1000.0,1000,0.829,1.0,0.0,200000,0.1,0.011159722,29443.715532064438,780511,26.508576987757444
794,1000.0,1000,0.659,0.3,0.0,200000,0.1,0.011157483,29481.22894859314,781511,26.508766013240894
795,1000.0,1000,0.538,0.55,0.0,200000,0.1,0.011154681,29518.83384490013,782511,26.50887240642913
796,1000.0,1000,0.831,0.75,0.0,200000,0.1,0.011154628,29556.171511650085,783511,26.509218207513936
797,1000.0,1000,0.739,0.75,0.0,200000,0.1,0.011152601,29594.07531094551,784511,26.509056009967107
798,1000.0,1000,0.843,0.95,0.0,200000,0.1,0.011152331,29631.927752494812,785511,26.508940172521335
799,1000.0,1000,0.732,0.75,0.0,200000,0.1,0.011155093,29669.341853618622,786511,26.50921627635606
800,1000.0,1000,0.687,0.6,0.0,200000,0.1,0.011151036,29707.134983301163,787511,26.50915345522318
801,1000.0,1000,0.697,0.7,0.0,200000,0.1,0.01114835,29744.718020915985,788511,26.509278031365817
802,1000.0,1000,0.555,0.5,0.0,200000,0.1,0.011147185,29782.297402381897,789511,26.509405547881496
803,1000.0,1000,0.683,0.45,0.0,200000,0.1,0.011145901,29820.12762451172,790511,26.50930974994387
804,1000.0,1000,0.549,0.55,0.0,200000,0.1,0.011142578,29858.151269197464,791511,26.509042466992423
805,1000.0,1000,0.753,0.75,0.0,200000,0.1,0.011136616,29895.619764328003,792511,26.509268121378703
806,1000.0,1000,0.675,0.65,0.0,200000,0.1,0.01113475,29933.367346286774,793511,26.509246046646144
807,1000.0,1000,0.772,0.7,0.0,200000,0.1,0.011131366,29971.100516319275,794511,26.509236774764005
808,1000.0,1000,0.599,0.45,0.0,200000,0.1,0.011132459,30008.806950569153,795511,26.50925114388632
809,1000.0,1000,0.635,0.55,0.0,200000,0.1,0.011132218,30046.33314561844,796511,26.509424498726627
810,1000.0,1000,0.628,0.5,0.0,200000,0.1,0.011130019,30083.825763463974,797511,26.509627008596603
811,1000.0,1000,0.634,0.6,0.0,200000,0.1,0.011126691,30121.177517175674,798511,26.509952990119086
812,1000.0,1000,0.559,0.5,0.0,200000,0.1,0.011123858,30159.261414051056,799511,26.509634602939926
813,1000.0,1000,0.563,0.6,0.0,200000,0.1,0.011119548,30197.01448202133,800511,26.509607446920512
814,1000.0,1000,0.841,0.85,0.0,200000,0.1,0.01112562,30234.65837240219,801511,26.50967608460388
815,1000.0,1000,0.796,0.8,0.0,200000,0.1,0.011128091,30272.242075681686,802511,26.509797258317786
816,1000.0,1000,0.788,0.85,0.0,200000,0.1,0.011127951,30310.003522396088,803511,26.50976267269795
817,1000.0,1000,0.777,0.85,0.0,200000,0.1,0.011124272,30347.739561080933,804511,26.509750367671334
818,1000.0,1000,0.632,0.65,0.0,200000,0.1,0.011125664,30385.423067092896,805511,26.509783925296713
819,1000.0,1000,0.846,0.7,0.0,200000,0.1,0.011121786,30423.068340063095,806511,26.509850715001434
820,1000.0,1000,0.676,0.55,0.0,200000,0.1,0.011116324,30460.887373685837,807511,26.509766116617502
821,1000.0,1000,0.838,0.9,0.0,200000,0.1,0.011110693,30498.678664684296,808511,26.509705842346794
822,1000.0,1000,0.761,0.85,0.0,200000,0.1,0.0111093065,30536.43949007988,809511,26.509672165621613
823,1000.0,1000,0.668,0.7,0.0,200000,0.1,0.011106725,30574.546635389328,810511,26.509338295237104
824,1000.0,1000,0.82,0.9,0.0,200000,0.1,0.011098899,30611.99698781967,811511,26.50957401758578
825,1000.0,1000,0.52,0.75,0.0,200000,0.1,0.01109506,30649.86746096611,812511,26.50944579175769
826,1000.0,1000,0.583,0.55,0.0,200000,0.1,0.011093474,30687.553143262863,813511,26.509477513229406
827,1000.0,1000,0.78,0.75,0.0,200000,0.1,0.0110920565,30724.985918045044,814511,26.509727365212232
828,1000.0,1000,0.602,0.55,0.0,200000,0.1,0.011088415,30763.05456161499,815511,26.509428650980713
829,1000.0,1000,0.653,0.5,0.0,200000,0.1,0.011085303,30800.80834388733,816511,26.509401664553465
830,1000.0,1000,0.681,0.75,0.0,200000,0.1,0.011086045,30838.44603228569,817511,26.509474541134864
831,1000.0,1000,0.722,0.9,0.0,200000,0.1,0.011087377,30876.475932836533,818511,26.509210499329317
832,1000.0,1000,0.685,0.6,0.0,200000,0.1,0.0110834725,30914.294791460037,819511,26.509128075191487
833,1000.0,1000,0.578,0.55,0.0,200000,0.1,0.011077011,30952.250651597977,820511,26.508928517363195
834,1000.0,1000,0.89,0.95,0.0,200000,0.1,0.01107325,30989.709427833557,821511,26.50915465665888
835,1000.0,1000,0.749,0.7,0.0,200000,0.1,0.011069139,31027.273427963257,822511,26.50929034710968
836,1000.0,1000,0.725,0.75,0.0,200000,0.1,0.011068783,31065.376862049103,823511,26.508965387553324
837,1000.0,1000,0.693,0.8,0.0,200000,0.1,0.011065079,31103.124465227127,824511,26.50894449214681
838,1000.0,1000,0.761,0.8,0.0,200000,0.1,0.011066291,31140.86167192459,825511,26.508932497895803
839,1000.0,1000,0.85,0.85,0.0,200000,0.1,0.011062722,31178.337449789047,826511,26.509142808680195
840,1000.0,1000,0.949,0.95,0.0,200000,0.1,0.0110675525,31215.951821804047,827511,26.509234916329877
841,1000.0,1000,0.696,0.8,0.0,200000,0.1,0.011064711,31253.565900325775,828511,26.50932705161823
842,1000.0,1000,0.871,0.85,0.0,200000,0.1,0.011057735,31290.878849506378,829511,26.509674080325325
843,1000.0,1000,0.579,0.6,0.0,200000,0.1,0.011056798,31328.44744849205,830511,26.50980395182953
844,1000.0,1000,0.77,0.65,0.0,200000,0.1,0.011051673,31366.331315994263,831511,26.50966705702546
845,1000.0,1000,0.817,0.85,0.0,200000,0.1,0.011051062,31404.021899700165,832511,26.509693650736693
846,1000.0,1000,0.756,0.6,0.0,200000,0.1,0.0110474415,31441.871577501297,833511,26.509586044409335
847,1000.0,1000,0.853,0.9,0.0,200000,0.1,0.011040234,31479.4799284935,834511,26.509681922212607
848,1000.0,1000,0.727,0.7,0.0,200000,0.1,0.011035325,31517.09617805481,835511,26.509770927726557
849,1000.0,1000,0.766,0.9,0.0,200000,0.1,0.011033697,31554.78024148941,836511,26.509802748718325
850,1000.0,1000,0.665,0.75,0.0,200000,0.1,0.011029841,31592.253031015396,837511,26.510011779316294
851,1000.0,1000,0.806,0.85,0.0,200000,0.1,0.011024361,31629.88658809662,838511,26.510085568573544
852,1000.0,1000,0.71,0.75,0.0,200000,0.1,0.0110180555,31667.63560628891,839511,26.510062526244276
853,1000.0,1000,0.699,0.7,0.0,200000,0.1,0.011016137,31705.651440143585,840511,26.50981644626169
854,1000.0,1000,0.812,0.95,0.0,200000,0.1,0.011011098,31743.078814268112,841511,26.51006239536886
855,1000.0,1000,0.709,0.8,0.0,200000,0.1,0.011006621,31780.74968266487,842511,26.51010465120005
856,1000.0,1000,0.725,0.65,0.0,200000,0.1,0.011003927,31818.37876224518,843511,26.510181624398967
857,1000.0,1000,0.698,0.8,0.0,200000,0.1,0.0110007925,31856.197254419327,844511,26.510100789578775
858,1000.0,1000,0.806,0.75,0.0,200000,0.1,0.010998111,31893.79117679596,845511,26.510206807780893
859,1000.0,1000,0.791,0.8,0.0,200000,0.1,0.010994953,31931.26748108864,846511,26.51041022666533
860,1000.0,1000,0.816,0.75,0.0,200000,0.1,0.010993035,31969.36489701271,847511,26.5100981114652
861,1000.0,1000,0.584,0.45,0.0,200000,0.1,0.0109984875,32007.14394235611,848511,26.510050428798706
862,1000.0,1000,0.746,0.8,0.0,200000,0.1,0.010995591,32044.880403757095,849511,26.510038086503133
863,1000.0,1000,0.862,0.9,0.0,200000,0.1,0.0109901205,32082.694287776947,850511,26.50996179889888
864,1000.0,1000,0.592,0.75,0.0,200000,0.1,0.010996456,32120.48641848564,851511,26.50990364508635
865,1000.0,1000,0.721,0.65,0.0,200000,0.1,0.011001164,32158.077340126038,852511,26.510011496353275
866,1000.0,1000,0.525,0.55,0.0,200000,0.1,0.01100282,32195.770651102066,853511,26.5100347880054
867,1000.0,1000,0.547,0.35,0.0,200000,0.1,0.01099749,32233.543572425842,854511,26.509992550690264
868,1000.0,1000,0.676,0.55,0.0,200000,0.1,0.010996621,32271.389675617218,855511,26.50989029560583
869,1000.0,1000,0.584,0.5,0.0,200000,0.1,0.01098935,32309.437836647034,856511,26.509622492281814
870,1000.0,1000,0.779,0.6,0.0,200000,0.1,0.010984026,32347.274257183075,857511,26.50952884529179
871,1000.0,1000,0.665,0.6,0.0,200000,0.1,0.010978918,32384.966104269028,858511,26.509553760940612
872,1000.0,1000,0.794,0.9,0.0,200000,0.1,0.010974526,32422.90230154991,859511,26.509378833315367
873,1000.0,1000,0.728,0.7,0.0,200000,0.1,0.010970794,32460.86929512024,860511,26.509179164734135
874,1000.0,1000,0.474,0.65,0.0,200000,0.1,0.010967049,32498.456897497177,861511,26.509289431751053
875,1000.0,1000,0.464,0.5,0.0,200000,0.1,0.010966248,32536.18260359764,862511,26.509286921867353
876,1000.0,1000,0.846,0.75,0.0,200000,0.1,0.010959537,32574.054881095886,863511,26.509165135854538
877,1000.0,1000,0.758,0.6,0.0,200000,0.1,0.010952872,32611.852117538452,864511,26.509104630780257
878,1000.0,1000,0.544,0.55,0.0,200000,0.1,0.010949998,32649.62540125847,865511,26.509063713413337
879,1000.0,1000,0.593,0.65,0.0,200000,0.1,0.01094552,32687.316895723343,866511,26.509089221107953
880,1000.0,1000,0.761,0.75,0.0,200000,0.1,0.010937889,32724.70347905159,867511,26.50936166748427
881,1000.0,1000,0.778,0.7,0.0,200000,0.1,0.010933982,32762.44616150856,868511,26.509345355529106
882,1000.0,1000,0.625,0.7,0.0,200000,0.1,0.010934579,32799.89582133293,869511,26.509565905862182
883,1000.0,1000,0.781,0.75,0.0,200000,0.1,0.010931303,32837.46153450012,870511,26.509692263294212
884,1000.0,1000,0.813,0.75,0.0,200000,0.1,0.0109295575,32875.36987018585,871511,26.509542050132755
885,1000.0,1000,0.71,0.6,0.0,200000,0.1,0.01092644,32912.93920016289,872511,26.509665231308187
886,1000.0,1000,0.726,0.7,0.0,200000,0.1,0.0109216515,32950.48426747322,873511,26.50980765211384
887,1000.0,1000,0.543,0.25,0.0,200000,0.1,0.010920282,32987.90572690964,874511,26.51004908346342
888,1000.0,1000,0.834,0.85,0.0,200000,0.1,0.010917601,33025.74603390694,875511,26.509953752096553
889,1000.0,1000,0.49,0.55,0.0,200000,0.1,0.010914077,33063.64558029175,876511,26.50981114143991
890,1000.0,1000,0.663,0.7,0.0,200000,0.1,0.010910721,33101.296962976456,877511,26.509867603149445
891,1000.0,1000,0.736,0.7,0.0,200000,0.1,0.010905558,33139.30132508278,878511,26.509641569181284
892,1000.0,1000,0.838,0.75,0.0,200000,0.1,0.010897873,33176.9925673008,879511,26.509666245463254
893,1000.0,1000,0.798,0.75,0.0,200000,0.1,0.010896163,33215.28783392906,880511,26.50920878311964
894,1000.0,1000,0.707,0.9,0.0,200000,0.1,0.0108915465,33253.37494182587,881511,26.50891831368975
895,1000.0,1000,0.834,0.75,0.0,200000,0.1,0.010885974,33290.97842621803,882511,26.509013603888114
896,1000.0,1000,0.572,0.65,0.0,200000,0.1,0.010889492,33328.671360492706,883511,26.50903753163168
897,1000.0,1000,0.784,0.9,0.0,200000,0.1,0.010886368,33366.29994535446,884511,26.509112530785977
898,1000.0,1000,0.768,0.9,0.0,200000,0.1,0.010882227,33403.662566423416,885511,26.509398429783396
899,1000.0,1000,0.716,0.85,0.0,200000,0.1,0.010879166,33441.81168913841,886511,26.509060221428427
900,1000.0,1000,0.927,0.85,0.0,200000,0.1,0.010880202,33479.676339149475,887511,26.50894802556822
901,1000.0,1000,0.782,0.75,0.0,200000,0.1,0.010875526,33517.34501719475,888511,26.50899107705411
902,1000.0,1000,0.805,0.85,0.0,200000,0.1,0.010871788,33554.88630890846,889511,26.50913466964136
903,1000.0,1000,0.484,0.6,0.0,200000,0.1,0.010873275,33592.886659383774,890511,26.508915682558822
904,1000.0,1000,0.342,0.3,0.0,200000,0.1,0.01086865,33630.96683597565,891511,26.508634269395262
905,1000.0,1000,0.679,0.65,0.0,200000,0.1,0.010864502,33668.276846170425,892511,26.508959875351554
906,1000.0,1000,0.81,0.9,0.0,200000,0.1,0.010858701,33705.540310144424,893511,26.509321368702032
907,1000.0,1000,0.333,0.4,0.0,200000,0.1,0.01085581,33743.70910024643,894511,26.50897082267779
908,1000.0,1000,0.5,0.65,0.0,200000,0.1,0.010855168,33781.465249061584,895511,26.508944872136237
909,1000.0,1000,0.513,0.35,0.0,200000,0.1,0.010855689,33819.41169190407,896511,26.50876981996623
910,1000.0,1000,0.549,0.55,0.0,200000,0.1,0.010855058,33857.53522729874,897511,26.508456506044546
911,1000.0,1000,0.234,0.3,0.0,200000,0.1,0.010852224,33895.37307691574,898511,26.508367320100266
912,1000.0,1000,0.43,0.25,0.0,200000,0.1,0.010854049,33933.44992136955,899511,26.508091634410974
913,1000.0,1000,0.524,0.55,0.0,200000,0.1,0.010850912,33971.25354266167,900511,26.50802976276643
914,1000.0,1000,0.642,0.7,0.0,200000,0.1,0.0108475555,34009.174852371216,901511,26.507876298107366
915,1000.0,1000,0.322,0.4,0.0,200000,0.1,0.010850283,34047.489654541016,902511,26.507416821169066
916,1000.0,1000,0.325,0.5,0.0,200000,0.1,0.010850472,34085.52035021782,903511,26.507179315373627
917,1000.0,1000,0.808,0.75,0.0,200000,0.1,0.010846162,34123.11108994484,904511,26.507284098544442
918,1000.0,1000,0.845,0.85,0.0,200000,0.1,0.010841144,34160.63743829727,905511,26.507438616056906
919,1000.0,1000,0.81,0.7,0.0,200000,0.1,0.010837732,34197.966990709305,906511,26.50774533548487
920,1000.0,1000,0.807,0.7,0.0,200000,0.1,0.010832047,34235.228499650955,907511,26.508104071705333
921,1000.0,1000,0.722,0.75,0.0,200000,0.1,0.0108304145,34272.82325839996,908511,26.508204274019704
922,1000.0,1000,0.693,0.7,0.0,200000,0.1,0.010825216,34310.79630279541,909511,26.508011996015938
923,1000.0,1000,0.588,0.6,0.0,200000,0.1,0.010822252,34349.105397224426,910511,26.507560806943577
924,1000.0,1000,0.813,0.75,0.0,200000,0.1,0.010818146,34386.84719157219,911511,26.50754792695158
925,1000.0,1000,0.874,0.75,0.0,200000,0.1,0.010819207,34424.42217063904,912511,26.507663526322037
926,1000.0,1000,0.259,0.35,0.0,200000,0.1,0.010818528,34462.233119249344,913511,26.507597369561825
927,1000.0,1000,0.792,0.75,0.0,200000,0.1,0.010821775,34499.89345121384,914511,26.50764708246321
928,1000.0,1000,0.846,0.8,0.0,200000,0.1,0.010821874,34537.26702642441,915511,26.507916775432868
929,1000.0,1000,0.858,0.75,0.0,200000,0.1,0.010818821,34573.95925092697,916511,26.508708283468774
930,1000.0,1000,0.789,0.9,0.0,200000,0.1,0.010817119,34609.56054162979,917511,26.510333723281406
931,1000.0,1000,0.825,0.75,0.0,200000,0.1,0.010812328,34647.151705503464,918511,26.510433174659465
932,1000.0,1000,0.88,0.95,0.0,200000,0.1,0.010807884,34684.39240574837,919511,26.5108002822804
933,1000.0,1000,0.672,0.7,0.0,200000,0.1,0.010804195,34721.83446955681,920511,26.511012855271737
934,1000.0,1000,0.869,0.85,0.0,200000,0.1,0.010802418,34758.516137838364,921511,26.511804944127512
935,1000.0,1000,0.79,0.8,0.0,200000,0.1,0.010795565,34795.42819094658,922511,26.512419819022803
936,1000.0,1000,0.323,0.5,0.0,200000,0.1,0.010812094,34832.25362634659,923511,26.513099321510104
937,1000.0,1000,0.802,0.8,0.0,200000,0.1,0.010811783,34872.616931438446,924511,26.511087533197728
938,1000.0,1000,0.759,0.75,0.0,200000,0.1,0.010809938,34909.73727822304,925511,26.511542972024028
939,1000.0,1000,0.77,0.7,0.0,200000,0.1,0.010807474,34946.673540353775,926511,26.512137097039957
940,1000.0,1000,0.848,0.85,0.0,200000,0.1,0.010808816,34983.5665102005,927511,26.512762777076865
941,1000.0,1000,0.897,0.95,0.0,200000,0.1,0.010824343,35021.01766371727,928511,26.51296455451091
942,1000.0,1000,0.646,0.65,0.0,200000,0.1,0.010825226,35057.67583799362,929511,26.51376560946125
943,1000.0,1000,0.786,0.75,0.0,200000,0.1,0.010825798,35094.65203714371,930511,26.51432471826524
944,1000.0,1000,0.802,0.95,0.0,200000,0.1,0.01082067,35131.204474925995,931511,26.5152024789209
945,1000.0,1000,0.751,0.9,0.0,200000,0.1,0.010821056,35166.665880441666,932511,26.516901066415347
946,1000.0,1000,0.76,0.65,0.0,200000,0.1,0.010816921,35203.63284945488,933511,26.517462103397964
947,1000.0,1000,0.699,0.7,0.0,200000,0.1,0.010814224,35240.4223754406,934511,26.518155487223254
948,1000.0,1000,0.729,0.65,0.0,200000,0.1,0.010810741,35277.54996228218,935511,26.51859329747264
949,1000.0,1000,0.791,0.9,0.0,200000,0.1,0.010806269,35314.713661432266,936511,26.519003069537348
950,1000.0,1000,0.686,0.6,0.0,200000,0.1,0.010810087,35351.27034449577,937511,26.519867344267183
951,1000.0,1000,0.764,0.65,0.0,200000,0.1,0.0108084325,35387.61533546448,938511,26.520888482892612
952,1000.0,1000,0.595,0.55,0.0,200000,0.1,0.010809232,35423.05915737152,939511,26.522582248287872
953,1000.0,1000,0.565,0.6,0.0,200000,0.1,0.010807125,35460.56809878349,940511,26.52272793151598
954,1000.0,1000,0.785,0.85,0.0,200000,0.1,0.010808234,35497.77828192711,941511,26.523096530429957
955,1000.0,1000,0.564,0.3,0.0,200000,0.1,0.0108078215,35533.684351444244,942511,26.52443778881726
956,1000.0,1000,0.64,0.7,0.0,200000,0.1,0.010805015,35570.433074235916,943511,26.52514795134018
957,1000.0,1000,0.769,0.85,0.0,200000,0.1,0.010806607,35607.394047260284,944511,26.525698531426915
958,1000.0,1000,0.703,0.75,0.0,200000,0.1,0.010803963,35643.37544989586,945511,26.52697697827363
959,1000.0,1000,0.779,0.7,0.0,200000,0.1,0.010801688,35679.31048202515,946511,26.52828732394345
960,1000.0,1000,0.823,0.9,0.0,200000,0.1,0.010797534,35715.044956207275,947511,26.529744009818813
961,1000.0,1000,0.783,0.8,0.0,200000,0.1,0.010805024,35752.40052986145,948511,26.529994795597723
962,1000.0,1000,0.759,0.7,0.0,200000,0.1,0.01080784,35788.83268094063,949511,26.530929590587398
963,1000.0,1000,0.768,0.7,0.0,200000,0.1,0.010806116,35825.84840941429,950511,26.531430299114664
964,1000.0,1000,0.716,0.65,0.0,200000,0.1,0.010803337,35863.11133360863,951511,26.531747096056538
965,1000.0,1000,0.733,0.8,0.0,200000,0.1,0.010798278,35899.48214960098,952511,26.532722561615262
966,1000.0,1000,0.743,0.65,0.0,200000,0.1,0.010823343,35934.86480998993,953511,26.5344256900041
967,1000.0,1000,0.64,0.7,0.0,200000,0.1,0.0108347945,35971.55535316467,954511,26.535160646129025
968,1000.0,1000,0.818,0.8,0.0,200000,0.1,0.010849657,36007.27750277519,955511,26.536607770851383
969,1000.0,1000,0.913,1.0,0.0,200000,0.1,0.010851562,36042.85029625893,956511,26.538161996767133
970,1000.0,1000,0.782,0.7,0.0,200000,0.1,0.010854202,36080.01462340355,957511,26.538542458348175
971,1000.0,1000,0.784,0.6,0.0,200000,0.1,0.010857265,36117.24451327324,958511,26.53887396168224
972,1000.0,1000,0.768,0.8,0.0,200000,0.1,0.010857268,36153.303846120834,959511,26.54006405790685
973,1000.0,1000,0.638,0.7,0.0,200000,0.1,0.01085554,36191.650690317154,960511,26.539574229597754
974,1000.0,1000,0.762,0.9,0.0,200000,0.1,0.010855118,36229.16196131706,961511,26.539697523613114
975,1000.0,1000,0.629,0.55,0.0,200000,0.1,0.010861852,36266.76653456688,962511,26.539752284155064
976,1000.0,1000,0.62,0.6,0.0,200000,0.1,0.010862903,36304.44429039955,963511,26.539753432946455
977,1000.0,1000,0.74,0.7,0.0,200000,0.1,0.01086135,36342.38021111488,964511,26.539566048732087
978,1000.0,1000,0.72,0.85,0.0,200000,0.1,0.010859974,36379.931510686874,965511,26.53965963892459
979,1000.0,1000,0.626,0.55,0.0,200000,0.1,0.010859279,36417.618351221085,966511,26.539654259267007
980,1000.0,1000,0.52,0.6,0.0,200000,0.1,0.010860177,36455.49832868576,967511,26.539508286628987
981,1000.0,1000,0.858,0.75,0.0,200000,0.1,0.010858709,36493.07807302475,968511,26.539580959690458
982,1000.0,1000,0.839,0.85,0.0,200000,0.1,0.0108597595,36530.539717912674,969511,26.53973928300927
983,1000.0,1000,0.577,0.7,0.0,200000,0.1,0.010861385,36568.08424091339,970511,26.539837132116155
984,1000.0,1000,0.654,0.65,0.0,200000,0.1,0.010857902,36606.293150663376,971511,26.539453093183223
985,1000.0,1000,0.796,0.95,0.0,200000,0.1,0.010857559,36643.97329187393,972511,26.53945281100307
986,1000.0,1000,0.853,0.95,0.0,200000,0.1,0.010857184,36681.749423742294,973511,26.539383079620492
987,1000.0,1000,0.582,0.8,0.0,200000,0.1,0.01085499,36719.222311258316,974511,26.539532665661998
988,1000.0,1000,0.784,0.75,0.0,200000,0.1,0.010852244,36756.68748998642,975511,26.539687512730907
989,1000.0,1000,0.672,0.8,0.0,200000,0.1,0.0108513255,36794.135205984116,976511,26.539854640435394
990,1000.0,1000,0.729,0.7,0.0,200000,0.1,0.010853845,36831.461500644684,977511,26.54010892210277
991,1000.0,1000,0.653,0.6,0.0,200000,0.1,0.010850667,36868.990307331085,978511,26.540216909405736
992,1000.0,1000,0.79,0.75,0.0,200000,0.1,0.010843689,36906.962549209595,979511,26.54000579650308
993,1000.0,1000,0.678,0.6,0.0,200000,0.1,0.010838484,36945.28268909454,980511,26.539545203609197
